dataset,domain,metric,sample,wall_ms,cpu_ms
376,backend,route,0,74.92355699650943,74.80525800000004
376,backend,route,1,79.37041600234807,70.32214800000025
376,backend,route,2,75.05003700498492,74.94096599999978
376,backend,route,3,74.61066301038954,74.49589499999965
376,backend,route,4,76.09571699867956,75.97756499999963
376,backend,route,5,66.88433200179134,66.71383399999975
376,backend,route,6,74.60887900379021,74.461785
376,backend,route,7,75.9545550099574,75.87000099999975
376,backend,route,8,68.14882800972555,68.07878800000023
376,backend,route,9,70.38735800597351,70.37246699999989
376,backend,route,10,67.23780099127907,67.09978700000008
376,backend,route,11,67.14405400271062,67.10810399999988
376,backend,route,12,68.51848799851723,68.44624199999983
376,backend,route,13,69.10290899395477,68.9705009999999
376,backend,route,14,67.52195001172367,67.48507100000012
376,backend,route,15,73.86227800452616,66.21449100000021
376,backend,route,16,75.06580899644177,74.89862200000007
376,backend,route,17,66.61909200192895,66.695658
376,backend,route,18,83.70021398877725,83.60334699999994
376,backend,route,19,67.04358299612068,67.06792000000038
376,backend_inclusive,export_snapshot_from_connection,0,24.122934002662078,
376,backend_inclusive,export_snapshot_from_connection,1,23.163532008766197,
376,backend_inclusive,export_snapshot_from_connection,2,24.078116010059603,
376,backend_inclusive,export_snapshot_from_connection,3,24.06647099996917,
376,backend_inclusive,export_snapshot_from_connection,4,24.503603999619372,
376,backend_inclusive,export_snapshot_from_connection,5,23.01033999538049,
376,backend_inclusive,export_snapshot_from_connection,6,24.017172007006593,
376,backend_inclusive,export_snapshot_from_connection,7,24.537746998248622,
376,backend_inclusive,export_snapshot_from_connection,8,23.072374999173917,
376,backend_inclusive,export_snapshot_from_connection,9,23.092197996447794,
376,backend_inclusive,export_snapshot_from_connection,10,23.27095900545828,
376,backend_inclusive,export_snapshot_from_connection,11,23.117628996260464,
376,backend_inclusive,export_snapshot_from_connection,12,24.012601003050804,
376,backend_inclusive,export_snapshot_from_connection,13,24.580931989476085,
376,backend_inclusive,export_snapshot_from_connection,14,23.147954008891247,
376,backend_inclusive,export_snapshot_from_connection,15,22.575563998543657,
376,backend_inclusive,export_snapshot_from_connection,16,24.082425006781705,
376,backend_inclusive,export_snapshot_from_connection,17,22.967338998569176,
376,backend_inclusive,export_snapshot_from_connection,18,39.84579000098165,
376,backend_inclusive,export_snapshot_from_connection,19,22.770205992856063,
376,backend_inclusive,_construct,0,56.807940010912716,
376,backend_inclusive,_construct,1,53.29587199958041,
376,backend_inclusive,_construct,2,56.89073400571942,
376,backend_inclusive,_construct,3,56.608639992191456,
376,backend_inclusive,_construct,4,57.60829999053385,
376,backend_inclusive,_construct,5,50.972596000065096,
376,backend_inclusive,_construct,6,56.54833100561518,
376,backend_inclusive,_construct,7,57.85871799162123,
376,backend_inclusive,_construct,8,52.07992899522651,
376,backend_inclusive,_construct,9,53.40293300105259,
376,backend_inclusive,_construct,10,51.71903299924452,
376,backend_inclusive,_construct,11,51.55133300286252,
376,backend_inclusive,_construct,12,52.80886800028384,
376,backend_inclusive,_construct,13,53.19707599119283,
376,backend_inclusive,_construct,14,51.86826399585698,
376,backend_inclusive,_construct,15,50.59171200264245,
376,backend_inclusive,_construct,16,56.91595299867913,
376,backend_inclusive,_construct,17,50.99238798720762,
376,backend_inclusive,_construct,18,68.15173399809282,
376,backend_inclusive,_construct,19,51.43042599956971,
376,backend_inclusive,json_render,0,3.1186379928840324,
376,backend_inclusive,json_render,1,2.9708619986195117,
376,backend_inclusive,json_render,2,3.1897530134301633,
376,backend_inclusive,json_render,3,3.1609860016033053,
376,backend_inclusive,json_render,4,3.1972889992175624,
376,backend_inclusive,json_render,5,2.604253008030355,
376,backend_inclusive,json_render,6,3.223713007173501,
376,backend_inclusive,json_render,7,3.2270939991576597,
376,backend_inclusive,json_render,8,2.600856008939445,
376,backend_inclusive,json_render,9,2.87797799683176,
376,backend_inclusive,json_render,10,2.6570850022835657,
376,backend_inclusive,json_render,11,2.6569000037852675,
376,backend_inclusive,json_render,12,2.6088050071848556,
376,backend_inclusive,json_render,13,2.642398001626134,
376,backend_inclusive,json_render,14,2.6480450032977387,
376,backend_inclusive,json_render,15,2.5882699992507696,
376,backend_inclusive,json_render,16,3.1834099936531857,
376,backend_inclusive,json_render,17,2.572901008534245,
376,backend_inclusive,json_render,18,2.5843159965006635,
376,backend_inclusive,json_render,19,2.630639006383717,
376,backend_inclusive,_terminal_guard,0,0.8632109966129065,
376,backend_inclusive,_terminal_guard,1,0.7915419992059469,
376,backend_inclusive,_terminal_guard,2,0.886005989741534,
376,backend_inclusive,_terminal_guard,3,0.858861007145606,
376,backend_inclusive,_terminal_guard,4,0.8891469915397465,
376,backend_inclusive,_terminal_guard,5,0.7264420128194615,
376,backend_inclusive,_terminal_guard,6,0.8717389864614233,
376,backend_inclusive,_terminal_guard,7,0.8933150093071163,
376,backend_inclusive,_terminal_guard,8,0.7316900009755045,
376,backend_inclusive,_terminal_guard,9,0.7982829993125051,
376,backend_inclusive,_terminal_guard,10,0.7388600060949102,
376,backend_inclusive,_terminal_guard,11,0.7650850020581856,
376,backend_inclusive,_terminal_guard,12,0.725542995496653,
376,backend_inclusive,_terminal_guard,13,0.7394019921775907,
376,backend_inclusive,_terminal_guard,14,0.7802150066709146,
376,backend_inclusive,_terminal_guard,15,0.8049349999055266,
376,backend_inclusive,_terminal_guard,16,0.879671992151998,
376,backend_inclusive,_terminal_guard,17,0.7221659907372668,
376,backend_inclusive,_terminal_guard,18,0.7236279925564304,
376,backend_inclusive,_terminal_guard,19,0.7961710070958361,
376,backend_inclusive,_prepare,0,12.719252990791574,
376,backend_inclusive,_prepare,1,11.939934993279167,
376,backend_inclusive,_prepare,2,12.888707991805859,
376,backend_inclusive,_prepare,3,12.716637007542886,
376,backend_inclusive,_prepare,4,13.156582004739903,
376,backend_inclusive,_prepare,5,10.752975998912007,
376,backend_inclusive,_prepare,6,12.777762996847741,
376,backend_inclusive,_prepare,7,12.980482002603821,
376,backend_inclusive,_prepare,8,11.265142005868256,
376,backend_inclusive,_prepare,9,11.984495999058709,
376,backend_inclusive,_prepare,10,10.713222000049427,
376,backend_inclusive,_prepare,11,10.812856009579264,
376,backend_inclusive,_prepare,12,10.674464007024653,
376,backend_inclusive,_prepare,13,10.972711999784224,
376,backend_inclusive,_prepare,14,10.910854005487636,
376,backend_inclusive,_prepare,15,10.48484600323718,
376,backend_inclusive,_prepare,16,12.89797099889256,
376,backend_inclusive,_prepare,17,10.793135006679222,
376,backend_inclusive,_prepare,18,10.559036003542133,
376,backend_inclusive,_prepare,19,10.724530002335086,
376,compression,gzip-1-encode,0,0.8548449986847118,0.8551779999996789
376,compression,gzip-1-encode,1,0.8532360079698265,0.8534579999999181
376,compression,gzip-1-encode,2,0.8538339898223057,0.8540500000000506
376,compression,gzip-1-encode,3,0.8504270081175491,0.8506580000000596
376,compression,gzip-1-encode,4,0.8529500046279281,0.8531860000000613
376,compression,gzip-1-encode,5,0.8558209956390783,0.8560300000000076
376,compression,gzip-1-encode,6,0.8535989909432828,0.8538040000001246
376,compression,gzip-1-encode,7,0.853366989758797,0.8535720000000246
376,compression,gzip-1-encode,8,0.8529979968443513,0.8532089999997439
376,compression,gzip-1-encode,9,0.8576410036766902,0.8578290000000877
376,compression,gzip-1-encode,10,0.8516029920428991,0.8518340000001068
376,compression,gzip-1-encode,11,0.8713679999345914,0.8716390000000906
376,compression,gzip-1-encode,12,0.8285829972010106,0.8288080000000697
376,compression,gzip-1-encode,13,0.8692099945619702,0.8694500000001604
376,compression,gzip-1-encode,14,0.8534509979654104,0.8536769999998306
376,compression,gzip-1-encode,15,0.8722060010768473,0.8727730000002154
376,compression,gzip-1-encode,16,0.8551329956389964,0.855330000000265
376,compression,gzip-1-encode,17,0.8512799977324903,0.8515199999998835
376,compression,gzip-1-encode,18,0.8546979952370748,0.8549039999996566
376,compression,gzip-1-encode,19,0.8592149970354512,0.8594480000003735
376,compression,gzip-1-decode,0,0.26174400409217924,0.2620420000001289
376,compression,gzip-1-decode,1,0.26589799381326884,0.26620100000007696
376,compression,gzip-1-decode,2,0.2605579938972369,0.2608129999996933
376,compression,gzip-1-decode,3,0.2594920078990981,0.2597650000000229
376,compression,gzip-1-decode,4,0.2597779966890812,0.26001899999972267
376,compression,gzip-1-decode,5,0.2624059998197481,0.26266099999983084
376,compression,gzip-1-decode,6,0.25867500517051667,0.25893799999998635
376,compression,gzip-1-decode,7,0.2586579939816147,0.2589010000000336
376,compression,gzip-1-decode,8,0.26207500195596367,0.26230500000012924
376,compression,gzip-1-decode,9,0.2593239914858714,0.259562000000102
376,compression,gzip-1-decode,10,0.2584509929874912,0.2586729999998205
376,compression,gzip-1-decode,11,0.2586449991213158,0.25888899999992887
376,compression,gzip-1-decode,12,0.26141799753531814,0.26151299999988
376,compression,gzip-1-decode,13,0.2579589927336201,0.258207999999982
376,compression,gzip-1-decode,14,0.2591759985079989,0.2594249999998688
376,compression,gzip-1-decode,15,0.2586129994597286,0.2588640000000808
376,compression,gzip-1-decode,16,0.26116298977285624,0.26138199999969913
376,compression,gzip-1-decode,17,0.25728899345267564,0.25754799999999634
376,compression,gzip-1-decode,18,0.2583149907877669,0.25856800000001456
376,compression,gzip-1-decode,19,0.25831200764514506,0.25853499999994867
376,compression,gzip-6-encode,0,2.0112299971515313,2.0115700000000736
376,compression,gzip-6-encode,1,2.0117060048505664,2.011989000000103
376,compression,gzip-6-encode,2,2.023262990405783,2.0235979999996268
376,compression,gzip-6-encode,3,2.0109659963054582,2.0112039999999887
376,compression,gzip-6-encode,4,2.0188449998386204,2.0191110000000734
376,compression,gzip-6-encode,5,2.009296993492171,2.0096089999999123
376,compression,gzip-6-encode,6,2.03722900187131,2.037915000000279
376,compression,gzip-6-encode,7,2.0169509953120723,2.0171989999999695
376,compression,gzip-6-encode,8,2.0166180038359016,2.0168629999997023
376,compression,gzip-6-encode,9,2.0115880033699796,2.011803999999895
376,compression,gzip-6-encode,10,2.014298996073194,2.014523000000157
376,compression,gzip-6-encode,11,2.0156919927103445,2.015904999999929
376,compression,gzip-6-encode,12,2.0103839924558997,2.010639000000314
376,compression,gzip-6-encode,13,2.0136720122536644,2.0138979999999584
376,compression,gzip-6-encode,14,2.0128699979977682,2.013121000000062
376,compression,gzip-6-encode,15,2.010128999245353,2.0103649999998474
376,compression,gzip-6-encode,16,2.0109360048081726,2.011176999999975
376,compression,gzip-6-encode,17,2.0108510070713237,2.0110739999998906
376,compression,gzip-6-encode,18,2.0129269978497177,2.013144000000189
376,compression,gzip-6-encode,19,2.0685530034825206,2.069296000000165
376,compression,gzip-6-decode,0,0.24225699598900974,0.24250699999983638
376,compression,gzip-6-decode,1,0.24051898799370974,0.24077499999997087
376,compression,gzip-6-decode,2,0.24130601377692074,0.2415380000000411
376,compression,gzip-6-decode,3,0.24394500360358506,0.24418099999978793
376,compression,gzip-6-decode,4,0.23948099988047034,0.23973699999979559
376,compression,gzip-6-decode,5,0.23963500279933214,0.23988799999985488
376,compression,gzip-6-decode,6,0.23893199977464974,0.2392019999999384
376,compression,gzip-6-decode,7,0.24536500859539956,0.24564299999996209
376,compression,gzip-6-decode,8,0.23912401229608804,0.23941800000004676
376,compression,gzip-6-decode,9,0.23896699713077396,0.23923600000008705
376,compression,gzip-6-decode,10,0.2590749936643988,0.2598520000001159
376,compression,gzip-6-decode,11,0.2663909981492907,0.2607229999997962
376,compression,gzip-6-decode,12,0.24910399224609137,0.24948399999979998
376,compression,gzip-6-decode,13,0.24517400015611202,0.24553200000010378
376,compression,gzip-6-decode,14,0.24457299150526524,0.24494999999991052
376,compression,gzip-6-decode,15,0.2501130074961111,0.2503949999996813
376,compression,gzip-6-decode,16,0.2399079967290163,0.24014900000013384
376,compression,gzip-6-decode,17,0.2385809930274263,0.23883399999968802
376,compression,gzip-6-decode,18,0.23717500152997673,0.2374060000001066
376,compression,gzip-6-decode,19,0.2450010069878772,0.24527000000018617
376,compression,gzip-9-encode,0,3.900445008184761,3.9006089999999993
376,compression,gzip-9-encode,1,3.9887820021249354,3.989091999999861
376,compression,gzip-9-encode,2,3.9882830023998395,3.9886369999999616
376,compression,gzip-9-encode,3,3.982071008067578,3.982344000000193
376,compression,gzip-9-encode,4,3.9648660022066906,3.9650610000001585
376,compression,gzip-9-encode,5,3.8608699978794903,3.8610720000002985
376,compression,gzip-9-encode,6,3.898390001268126,3.8987339999998483
376,compression,gzip-9-encode,7,4.0113959985319525,4.011601000000198
376,compression,gzip-9-encode,8,4.032818003906868,4.033305000000098
376,compression,gzip-9-encode,9,3.9718560001347214,3.9720370000000393
376,compression,gzip-9-encode,10,3.9756120095262304,3.975806000000137
376,compression,gzip-9-encode,11,3.9718830084893852,3.9720899999999837
376,compression,gzip-9-encode,12,3.978455002652481,3.9786420000003098
376,compression,gzip-9-encode,13,3.9779100043233484,3.9780970000000693
376,compression,gzip-9-encode,14,3.9718259940855205,3.9720070000002217
376,compression,gzip-9-encode,15,3.972600999986753,3.9727859999998394
376,compression,gzip-9-encode,16,3.970511010265909,3.970691000000137
376,compression,gzip-9-encode,17,3.9708709955448285,3.9710620000001917
376,compression,gzip-9-encode,18,3.9741729997331277,3.9743599999999546
376,compression,gzip-9-encode,19,3.9783040119800717,3.9785089999999634
376,compression,gzip-9-decode,0,0.22567799896933138,0.2258939999997267
376,compression,gzip-9-decode,1,0.24390200269408524,0.24420299999983186
376,compression,gzip-9-decode,2,0.23695600975770503,0.2372390000000557
376,compression,gzip-9-decode,3,0.23050399613566697,0.2307290000000961
376,compression,gzip-9-decode,4,0.23025699192658067,0.23048700000005695
376,compression,gzip-9-decode,5,0.23009000869933516,0.23029599999979666
376,compression,gzip-9-decode,6,0.23343399516306818,0.23365900000005269
376,compression,gzip-9-decode,7,0.23041600070428103,0.230652999999581
376,compression,gzip-9-decode,8,0.2298379986314103,0.2300660000003063
376,compression,gzip-9-decode,9,0.22976599575486034,0.23003100000007493
376,compression,gzip-9-decode,10,0.2284420042997226,0.22865100000002414
376,compression,gzip-9-decode,11,0.2329339913558215,0.23317900000030534
376,compression,gzip-9-decode,12,0.2298500039614737,0.23005999999980986
376,compression,gzip-9-decode,13,0.22972399892751127,0.22994699999978607
376,compression,gzip-9-decode,14,0.22918199829291552,0.2294030000000724
376,compression,gzip-9-decode,15,0.23230900114867836,0.23257299999990266
376,compression,gzip-9-decode,16,0.22981601068750024,0.23005499999984025
376,compression,gzip-9-decode,17,0.22834900300949812,0.22858200000008821
376,compression,gzip-9-decode,18,0.2468799939379096,0.2471389999998408
376,compression,gzip-9-decode,19,0.23917399812489748,0.23942200000037772
376,compression,brotli-4-encode,0,1.0294750100001693,1.029917999999963
376,compression,brotli-4-encode,1,1.0268159967381507,1.0272570000000592
376,compression,brotli-4-encode,2,1.0616480140015483,1.0621180000001118
376,compression,brotli-4-encode,3,1.0595659987302497,1.060061000000001
376,compression,brotli-4-encode,4,1.0602249967632815,1.0607049999999951
376,compression,brotli-4-encode,5,1.0614539933158085,1.061913999999664
376,compression,brotli-4-encode,6,1.0611429897835478,1.0615360000003626
376,compression,brotli-4-encode,7,1.0446320084156469,1.0450969999999948
376,compression,brotli-4-encode,8,1.0859559988602996,1.0864160000001455
376,compression,brotli-4-encode,9,1.0412349947728217,1.0417440000001221
376,compression,brotli-4-encode,10,1.0607300064293668,1.061189999999712
376,compression,brotli-4-encode,11,1.0675810044631362,1.0679690000001685
376,compression,brotli-4-encode,12,1.0294390085618943,1.0298290000001487
376,compression,brotli-4-encode,13,1.0280620044795796,1.0285470000002128
376,compression,brotli-4-encode,14,1.0593469924060628,1.0598239999999315
376,compression,brotli-4-encode,15,1.059707996319048,1.0601860000001295
376,compression,brotli-4-encode,16,1.0593439947115257,1.059746000000139
376,compression,brotli-4-encode,17,1.078084998880513,1.0788960000001069
376,compression,brotli-4-encode,18,1.032219995977357,1.0326830000000342
376,compression,brotli-4-encode,19,1.0312250087736174,1.0317049999999384
376,compression,brotli-4-decode,0,0.150956999277696,0.15130799999996114
376,compression,brotli-4-decode,1,0.14449800073634833,0.14475999999996603
376,compression,brotli-4-decode,2,0.14224099868442863,0.14249100000007786
376,compression,brotli-4-decode,3,0.14305900549516082,0.14330899999981384
376,compression,brotli-4-decode,4,0.14073798956815153,0.14097399999979388
376,compression,brotli-4-decode,5,0.14104400179348886,0.1412859999998517
376,compression,brotli-4-decode,6,0.13988801219966263,0.14667700000003947
376,compression,brotli-4-decode,7,0.15536299906671047,0.15560399999969832
376,compression,brotli-4-decode,8,0.14235000708140433,0.14268199999989406
376,compression,brotli-4-decode,9,0.1401799963787198,0.1404859999998287
376,compression,brotli-4-decode,10,0.14012599422130734,0.14041199999992315
376,compression,brotli-4-decode,11,0.13986100384499878,0.14010599999991769
376,compression,brotli-4-decode,12,0.13887599925510585,0.1391339999998742
376,compression,brotli-4-decode,13,0.144848003401421,0.1450989999995933
376,compression,brotli-4-decode,14,0.1393610000377521,0.13964200000016191
376,compression,brotli-4-decode,15,0.1396570005454123,0.1399270000002062
376,compression,brotli-4-decode,16,0.13911700807511806,0.13938300000004844
376,compression,brotli-4-decode,17,0.13957500050310045,0.1398329999999781
376,compression,brotli-4-decode,18,0.1386849908158183,0.1389359999999229
376,compression,brotli-4-decode,19,0.13896099699195474,0.13923300000007188
376,compression,brotli-6-encode,0,2.0681329915532842,2.06864299999987
376,compression,brotli-6-encode,1,2.0686970092356205,2.069230000000033
376,compression,brotli-6-encode,2,2.0708319934783503,2.0712839999998955
376,compression,brotli-6-encode,3,2.0700919994851574,2.0704980000001427
376,compression,brotli-6-encode,4,2.0711739925900474,2.071633999999989
376,compression,brotli-6-encode,5,2.0710310054710135,2.0714760000002386
376,compression,brotli-6-encode,6,2.071258000796661,2.0716969999998724
376,compression,brotli-6-encode,7,2.0745059882756323,2.075013999999875
376,compression,brotli-6-encode,8,2.071776005323045,2.072249000000248
376,compression,brotli-6-encode,9,2.075750002404675,2.076251999999723
376,compression,brotli-6-encode,10,2.0737720042234287,2.0742390000001443
376,compression,brotli-6-encode,11,2.071486000204459,2.0719869999998863
376,compression,brotli-6-encode,12,2.0732310076709837,2.073723000000083
376,compression,brotli-6-encode,13,2.0680180023191497,2.0685549999996944
376,compression,brotli-6-encode,14,2.071847004117444,2.072286000000201
376,compression,brotli-6-encode,15,2.0711219985969365,2.071579999999962
376,compression,brotli-6-encode,16,2.0717620063805953,2.072222999999873
376,compression,brotli-6-encode,17,2.0715360005851835,2.07197800000003
376,compression,brotli-6-encode,18,2.1247999975457788,2.1252089999999058
376,compression,brotli-6-encode,19,2.068431000225246,2.0689030000000663
376,compression,brotli-6-decode,0,0.14275799912866205,0.1429869999998168
376,compression,brotli-6-decode,1,0.14081000699661672,0.14111199999966573
376,compression,brotli-6-decode,2,0.13953899906482548,0.13984600000016556
376,compression,brotli-6-decode,3,0.13964199752081186,0.1399079999999664
376,compression,brotli-6-decode,4,0.13799899898003787,0.1382329999999321
376,compression,brotli-6-decode,5,0.14272899716161191,0.1430159999999958
376,compression,brotli-6-decode,6,0.13819099694956094,0.13842300000010965
376,compression,brotli-6-decode,7,0.13775400293525308,0.13800900000005
376,compression,brotli-6-decode,8,0.1373630075249821,0.13763400000010861
376,compression,brotli-6-decode,9,0.13723901065532118,0.1374849999997707
376,compression,brotli-6-decode,10,0.13741699513047934,0.13764600000021332
376,compression,brotli-6-decode,11,0.13719199341721833,0.1374400000000442
376,compression,brotli-6-decode,12,0.1401250046910718,0.14038799999971374
376,compression,brotli-6-decode,13,0.1380299945594743,0.1382610000000284
376,compression,brotli-6-decode,14,0.13660900003742427,0.13689199999999957
376,compression,brotli-6-decode,15,0.13787299394607544,0.13812499999987793
376,compression,brotli-6-decode,16,0.1373150007566437,0.13755199999998524
376,compression,brotli-6-decode,17,0.13713999942410737,0.13739899999976046
376,compression,brotli-6-decode,18,0.13645899889525026,0.13669200000032689
376,compression,brotli-6-decode,19,0.1415879960404709,0.14184700000008377
376,compression,brotli-9-encode,0,11.872083996422589,11.874408999999808
376,compression,brotli-9-encode,1,11.971413012361154,11.973825000000105
376,compression,brotli-9-encode,2,11.978230002569035,11.98058599999996
376,compression,brotli-9-encode,3,12.83484599844087,12.837473000000266
376,compression,brotli-9-encode,4,11.960663992795162,11.963023999999933
376,compression,brotli-9-encode,5,12.037836000672542,12.040094000000057
376,compression,brotli-9-encode,6,11.945719990762882,11.948268000000262
376,compression,brotli-9-encode,7,11.962227988988161,11.964965000000216
376,compression,brotli-9-encode,8,11.948724000831135,11.951395000000087
376,compression,brotli-9-encode,9,11.937321003642865,11.939238000000074
376,compression,brotli-9-encode,10,11.986261990386993,11.987841999999915
376,compression,brotli-9-encode,11,11.958831993979402,11.961088999999703
376,compression,brotli-9-encode,12,11.98136099264957,11.983913999999984
376,compression,brotli-9-encode,13,11.946061000344343,11.948088000000023
376,compression,brotli-9-encode,14,11.958308998146094,11.960769000000315
376,compression,brotli-9-encode,15,12.059127999236807,12.06121999999965
376,compression,brotli-9-encode,16,11.991310006123967,11.993356999999705
376,compression,brotli-9-encode,17,11.918379008420743,11.920540000000202
376,compression,brotli-9-encode,18,11.96492399321869,11.967081999999962
376,compression,brotli-9-encode,19,12.000554008409381,12.00271099999961
376,compression,brotli-9-decode,0,0.13629600289277732,0.1365619999997847
376,compression,brotli-9-decode,1,0.13494599261321127,0.13517199999979468
376,compression,brotli-9-decode,2,0.1339410082437098,0.13423000000001295
376,compression,brotli-9-decode,3,0.14492199989035726,0.14521299999969983
376,compression,brotli-9-decode,4,0.13288900663610548,0.13316800000007234
376,compression,brotli-9-decode,5,0.1325229968642816,0.13281400000009214
376,compression,brotli-9-decode,6,0.13175200729165226,0.13200999999973817
376,compression,brotli-9-decode,7,0.1322900061495602,0.13251999999974728
376,compression,brotli-9-decode,8,0.13337699056137353,0.13370700000026048
376,compression,brotli-9-decode,9,0.14825499965809286,0.14858599999989508
376,compression,brotli-9-decode,10,0.13634799688588828,0.13812999999984754
376,compression,brotli-9-decode,11,0.13558700447902083,0.13582199999984113
376,compression,brotli-9-decode,12,0.135655005578883,0.1359249999999257
376,compression,brotli-9-decode,13,0.13557799684349447,0.13583300000030718
376,compression,brotli-9-decode,14,0.1352480030618608,0.1355600000003676
376,compression,brotli-9-decode,15,0.13470600242726505,0.13496799999979103
376,compression,brotli-9-decode,16,0.15253800665959716,0.15285700000022828
376,compression,brotli-9-decode,17,0.1387249940307811,0.13897299999987567
376,compression,brotli-9-decode,18,0.14344099326990545,0.14367499999989874
376,compression,brotli-9-decode,19,0.13937099720351398,0.13959800000007405
1000,backend,route,0,164.1634219995467,164.11567599999978
1000,backend,route,1,177.48076301359106,169.4297090000001
1000,backend,route,2,165.73544499988202,165.6610160000005
1000,backend,route,3,167.5687210081378,167.49086999999997
1000,backend,route,4,174.16125000454485,174.0849200000003
1000,backend,route,5,151.62538799631875,151.49924500000012
1000,backend,route,6,165.2862949995324,165.1453270000003
1000,backend,route,7,179.36725399340503,171.7480990000002
1000,backend,route,8,139.94889199966565,139.9305110000002
1000,backend,route,9,152.18023999477737,152.17718400000012
1000,backend,route,10,158.59245200408623,158.52712600000007
1000,backend,route,11,139.75977500376757,139.6952090000001
1000,backend,route,12,169.85102801118046,169.73059099999955
1000,backend,route,13,141.14107299246825,140.95646100000005
1000,backend,route,14,175.19378999713808,168.05880400000018
1000,backend,route,15,137.90803600568324,137.91206099999977
1000,backend,route,16,165.89959900011308,165.795601000001
1000,backend,route,17,141.03586399869528,140.98328699999917
1000,backend,route,18,168.38485898915678,168.23949700000009
1000,backend,route,19,140.33749300870113,140.37244500000057
1000,backend_inclusive,export_snapshot_from_connection,0,59.19430700305384,
1000,backend_inclusive,export_snapshot_from_connection,1,72.57094199303538,
1000,backend_inclusive,export_snapshot_from_connection,2,59.57432900322601,
1000,backend_inclusive,export_snapshot_from_connection,3,60.56927300232928,
1000,backend_inclusive,export_snapshot_from_connection,4,66.20666600065306,
1000,backend_inclusive,export_snapshot_from_connection,5,55.51709100836888,
1000,backend_inclusive,export_snapshot_from_connection,6,59.93277499510441,
1000,backend_inclusive,export_snapshot_from_connection,7,63.8436540029943,
1000,backend_inclusive,export_snapshot_from_connection,8,52.56796100002248,
1000,backend_inclusive,export_snapshot_from_connection,9,56.07042199699208,
1000,backend_inclusive,export_snapshot_from_connection,10,59.549565994529985,
1000,backend_inclusive,export_snapshot_from_connection,11,53.05696799769066,
1000,backend_inclusive,export_snapshot_from_connection,12,61.00096899899654,
1000,backend_inclusive,export_snapshot_from_connection,13,54.05081699427683,
1000,backend_inclusive,export_snapshot_from_connection,14,60.457052997662686,
1000,backend_inclusive,export_snapshot_from_connection,15,52.46055200404953,
1000,backend_inclusive,export_snapshot_from_connection,16,59.97127199952956,
1000,backend_inclusive,export_snapshot_from_connection,17,52.641399001004174,
1000,backend_inclusive,export_snapshot_from_connection,18,61.25501300266478,
1000,backend_inclusive,export_snapshot_from_connection,19,52.386830997420475,
1000,backend_inclusive,_construct,0,132.78035700204782,
1000,backend_inclusive,_construct,1,140.49547899048775,
1000,backend_inclusive,_construct,2,134.4369930011453,
1000,backend_inclusive,_construct,3,135.91684399580117,
1000,backend_inclusive,_construct,4,142.5191710004583,
1000,backend_inclusive,_construct,5,123.13852900115307,
1000,backend_inclusive,_construct,6,133.97719399654306,
1000,backend_inclusive,_construct,7,139.9761189968558,
1000,backend_inclusive,_construct,8,113.55911899590865,
1000,backend_inclusive,_construct,9,123.87429899536073,
1000,backend_inclusive,_construct,10,128.87895299354568,
1000,backend_inclusive,_construct,11,114.01158300577663,
1000,backend_inclusive,_construct,12,138.0556819931371,
1000,backend_inclusive,_construct,13,115.1757909974549,
1000,backend_inclusive,_construct,14,136.06993098801468,
1000,backend_inclusive,_construct,15,112.39975300850347,
1000,backend_inclusive,_construct,16,134.72863999777474,
1000,backend_inclusive,_construct,17,114.73654500150587,
1000,backend_inclusive,_construct,18,136.8942870030878,
1000,backend_inclusive,_construct,19,114.29742400650866,
1000,backend_inclusive,json_render,0,6.512011997983791,
1000,backend_inclusive,json_render,1,5.808362999232486,
1000,backend_inclusive,json_render,2,6.481716991402209,
1000,backend_inclusive,json_render,3,6.398106008418836,
1000,backend_inclusive,json_render,4,6.55041600111872,
1000,backend_inclusive,json_render,5,5.725640992750414,
1000,backend_inclusive,json_render,6,6.4273869938915595,
1000,backend_inclusive,json_render,7,6.393154995748773,
1000,backend_inclusive,json_render,8,5.314733003615402,
1000,backend_inclusive,json_render,9,5.842384998686612,
1000,backend_inclusive,json_render,10,5.974682004307397,
1000,backend_inclusive,json_render,11,4.985221006791107,
1000,backend_inclusive,json_render,12,6.480206997366622,
1000,backend_inclusive,json_render,13,5.10448899876792,
1000,backend_inclusive,json_render,14,6.514339009299874,
1000,backend_inclusive,json_render,15,5.0593460036907345,
1000,backend_inclusive,json_render,16,6.362396001350135,
1000,backend_inclusive,json_render,17,5.129821991431527,
1000,backend_inclusive,json_render,18,6.4506409980822355,
1000,backend_inclusive,json_render,19,5.152334997546859,
1000,backend_inclusive,_terminal_guard,0,0.9528509981464595,
1000,backend_inclusive,_terminal_guard,1,0.8728390093892813,
1000,backend_inclusive,_terminal_guard,2,0.9571050031809136,
1000,backend_inclusive,_terminal_guard,3,0.9604119986761361,
1000,backend_inclusive,_terminal_guard,4,0.9459319990128279,
1000,backend_inclusive,_terminal_guard,5,0.8554520027246326,
1000,backend_inclusive,_terminal_guard,6,0.9653019951656461,
1000,backend_inclusive,_terminal_guard,7,0.9466070041526109,
1000,backend_inclusive,_terminal_guard,8,0.7627470040461048,
1000,backend_inclusive,_terminal_guard,9,0.8309809927595779,
1000,backend_inclusive,_terminal_guard,10,0.8905650029191747,
1000,backend_inclusive,_terminal_guard,11,0.7853569986764342,
1000,backend_inclusive,_terminal_guard,12,0.9549249953124672,
1000,backend_inclusive,_terminal_guard,13,0.7736370025668293,
1000,backend_inclusive,_terminal_guard,14,0.9452420054003596,
1000,backend_inclusive,_terminal_guard,15,0.7591460016556084,
1000,backend_inclusive,_terminal_guard,16,0.965647996054031,
1000,backend_inclusive,_terminal_guard,17,0.8669990056660026,
1000,backend_inclusive,_terminal_guard,18,0.9711349994176999,
1000,backend_inclusive,_terminal_guard,19,0.8324950031237677,
1000,backend_inclusive,_prepare,0,25.77563899103552,
1000,backend_inclusive,_prepare,1,23.40391100733541,
1000,backend_inclusive,_prepare,2,25.756988005014136,
1000,backend_inclusive,_prepare,3,25.911414006259292,
1000,backend_inclusive,_prepare,4,26.02814300917089,
1000,backend_inclusive,_prepare,5,23.120091995224357,
1000,backend_inclusive,_prepare,6,25.594571998226456,
1000,backend_inclusive,_prepare,7,25.691410002764314,
1000,backend_inclusive,_prepare,8,20.895724010188133,
1000,backend_inclusive,_prepare,9,23.189798987004906,
1000,backend_inclusive,_prepare,10,23.860332992626354,
1000,backend_inclusive,_prepare,11,20.209351991070434,
1000,backend_inclusive,_prepare,12,25.90228799090255,
1000,backend_inclusive,_prepare,13,20.695789004093967,
1000,backend_inclusive,_prepare,14,26.34891599882394,
1000,backend_inclusive,_prepare,15,20.262316989828832,
1000,backend_inclusive,_prepare,16,25.737357005709782,
1000,backend_inclusive,_prepare,17,20.917979010846466,
1000,backend_inclusive,_prepare,18,26.231288007693365,
1000,backend_inclusive,_prepare,19,20.79306499217637,
1000,compression,gzip-1-encode,0,1.668194992817007,1.6684999999991845
1000,compression,gzip-1-encode,1,1.6713319928385317,1.6715750000013685
1000,compression,gzip-1-encode,2,1.6776590055087581,1.6779470000010122
1000,compression,gzip-1-encode,3,1.61892399773933,1.6191899999995485
1000,compression,gzip-1-encode,4,1.6794469993328676,1.6797259999989933
1000,compression,gzip-1-encode,5,1.665875010075979,1.6661270000000172
1000,compression,gzip-1-encode,6,1.6689760086592287,1.6692620000000602
1000,compression,gzip-1-encode,7,1.675728999543935,1.6759979999996233
1000,compression,gzip-1-encode,8,1.6781579906819388,1.6784590000007427
1000,compression,gzip-1-encode,9,1.6174060001503676,1.6176569999988288
1000,compression,gzip-1-encode,10,1.6256880044238642,1.6259660000006448
1000,compression,gzip-1-encode,11,1.6132979944813997,1.6135770000005323
1000,compression,gzip-1-encode,12,1.620139999431558,1.620393999999692
1000,compression,gzip-1-encode,13,1.6118829953484237,1.6121540000000323
1000,compression,gzip-1-encode,14,1.6131929878611118,1.6134680000003954
1000,compression,gzip-1-encode,15,1.616145993466489,1.6163850000001645
1000,compression,gzip-1-encode,16,1.610929990420118,1.611192000000372
1000,compression,gzip-1-encode,17,1.6189879970625043,1.6192480000007947
1000,compression,gzip-1-encode,18,1.646663004066795,1.6469310000015724
1000,compression,gzip-1-encode,19,1.6943740047281608,1.6946299999993641
1000,compression,gzip-1-decode,0,0.4686309985117987,0.46902499999923464
1000,compression,gzip-1-decode,1,0.46110300172585994,0.46136300000121366
1000,compression,gzip-1-decode,2,0.458886002888903,0.45912299999884
1000,compression,gzip-1-decode,3,0.45932800276204944,0.45953299999901276
1000,compression,gzip-1-decode,4,0.47381500189658254,0.47411199999913833
1000,compression,gzip-1-decode,5,0.4908720002276823,0.4911120000006264
1000,compression,gzip-1-decode,6,0.49759799730964005,0.4978549999989923
1000,compression,gzip-1-decode,7,0.47354800335597247,0.4738340000010055
1000,compression,gzip-1-decode,8,0.4723820020444691,0.4726099999992073
1000,compression,gzip-1-decode,9,0.4740269941976294,0.4742560000003948
1000,compression,gzip-1-decode,10,0.4700860008597374,0.4702989999998408
1000,compression,gzip-1-decode,11,0.47481000365223736,0.4750549999990028
1000,compression,gzip-1-decode,12,0.4713870002888143,0.47162299999925494
1000,compression,gzip-1-decode,13,0.47352100955322385,0.4737460000008298
1000,compression,gzip-1-decode,14,0.47052299487404525,0.4707640000010116
1000,compression,gzip-1-decode,15,0.47467400145251304,0.47488399999906505
1000,compression,gzip-1-decode,16,0.4704669991042465,0.47067399999889403
1000,compression,gzip-1-decode,17,0.47003499639686197,0.4702539999996702
1000,compression,gzip-1-decode,18,0.47425100638065487,0.4744949999988535
1000,compression,gzip-1-decode,19,0.468953003291972,0.4692009999995861
1000,compression,gzip-6-encode,0,3.7609930004691705,3.7612710000001215
1000,compression,gzip-6-encode,1,3.9106170006562024,3.910873000000592
1000,compression,gzip-6-encode,2,3.8774200074840337,3.8777030000005652
1000,compression,gzip-6-encode,3,3.89573400025256,3.8961820000000813
1000,compression,gzip-6-encode,4,3.7808790075359866,3.781150000000011
1000,compression,gzip-6-encode,5,3.881356999045238,3.8815699999990017
1000,compression,gzip-6-encode,6,3.883483004756272,3.8837209999993405
1000,compression,gzip-6-encode,7,3.8251560035860166,3.82534399999912
1000,compression,gzip-6-encode,8,3.7614030006807297,3.7617930000006794
1000,compression,gzip-6-encode,9,3.823145991191268,3.8234040000002523
1000,compression,gzip-6-encode,10,3.7582899967674166,3.7585089999989663
1000,compression,gzip-6-encode,11,3.793124997173436,3.793489999999622
1000,compression,gzip-6-encode,12,3.886382997734472,3.886603999999849
1000,compression,gzip-6-encode,13,3.8967190048424527,3.896988999999351
1000,compression,gzip-6-encode,14,3.7634869950124994,3.7640660000004544
1000,compression,gzip-6-encode,15,3.8369349931599572,3.837211000000451
1000,compression,gzip-6-encode,16,3.8839389890199527,3.884166000000633
1000,compression,gzip-6-encode,17,3.778397003770806,3.7786569999997965
1000,compression,gzip-6-encode,18,3.762603009818122,3.7628639999987
1000,compression,gzip-6-encode,19,3.784472995903343,3.784759000000193
1000,compression,gzip-6-decode,0,0.44176400115247816,0.4421069999995808
1000,compression,gzip-6-decode,1,0.4445119993761182,0.44479299999977684
1000,compression,gzip-6-decode,2,0.4397510056151077,0.43999000000027877
1000,compression,gzip-6-decode,3,0.443659009761177,0.443890999999752
1000,compression,gzip-6-decode,4,0.439732990344055,0.4399649999999866
1000,compression,gzip-6-decode,5,0.439903000369668,0.4401230000006251
1000,compression,gzip-6-decode,6,0.44156699732411653,0.44182999999975436
1000,compression,gzip-6-decode,7,0.44002100185025483,0.44031500000052404
1000,compression,gzip-6-decode,8,0.44337699364405125,0.44365599999984795
1000,compression,gzip-6-decode,9,0.4400249890750274,0.4402930000004801
1000,compression,gzip-6-decode,10,0.44115399941802025,0.44138199999999017
1000,compression,gzip-6-decode,11,0.43938100861851126,0.4396129999992837
1000,compression,gzip-6-decode,12,0.4688100016210228,0.4690589999984951
1000,compression,gzip-6-decode,13,0.4541439993772656,0.45439199999997015
1000,compression,gzip-6-decode,14,0.45923900324851274,0.4594419999985888
1000,compression,gzip-6-decode,15,0.43926700891461223,0.4395019999989813
1000,compression,gzip-6-decode,16,0.4520329966908321,0.4523849999991114
1000,compression,gzip-6-decode,17,0.4325699992477894,0.432804000000786
1000,compression,gzip-6-decode,18,0.4311539960326627,0.4315180000009633
1000,compression,gzip-6-decode,19,0.4292999947210774,0.42953900000064493
1000,compression,gzip-9-encode,0,8.202751996577717,8.203006999998763
1000,compression,gzip-9-encode,1,8.147768006892875,8.14802799999903
1000,compression,gzip-9-encode,2,8.174371003406122,8.174587000000955
1000,compression,gzip-9-encode,3,8.128082001348957,8.128320000000855
1000,compression,gzip-9-encode,4,8.186111008399166,8.186379999999716
1000,compression,gzip-9-encode,5,8.12821599538438,8.128424000000578
1000,compression,gzip-9-encode,6,8.198407987947576,8.198574000001457
1000,compression,gzip-9-encode,7,8.180756005458534,8.180952000000019
1000,compression,gzip-9-encode,8,8.167881998815574,8.168053000000342
1000,compression,gzip-9-encode,9,8.18709000304807,8.187273000000772
1000,compression,gzip-9-encode,10,8.20141300209798,8.20178999999932
1000,compression,gzip-9-encode,11,8.202112003345974,8.202298000000496
1000,compression,gzip-9-encode,12,8.189148997189477,8.189468999999505
1000,compression,gzip-9-encode,13,8.171852998202667,8.172058000001314
1000,compression,gzip-9-encode,14,8.180164993973449,8.180349999999947
1000,compression,gzip-9-encode,15,8.233382002799772,8.233863000000952
1000,compression,gzip-9-encode,16,8.246604003943503,8.24678300000059
1000,compression,gzip-9-encode,17,8.17814799665939,8.178330999999872
1000,compression,gzip-9-encode,18,8.20145801117178,8.201635000000707
1000,compression,gzip-9-encode,19,8.17718100734055,8.177357999999302
1000,compression,gzip-9-decode,0,0.40163200173992664,0.40185100000122986
1000,compression,gzip-9-decode,1,0.4182900011073798,0.4186219999997576
1000,compression,gzip-9-decode,2,0.4272299993317574,0.42746499999957166
1000,compression,gzip-9-decode,3,0.42315799510106444,0.4233819999992505
1000,compression,gzip-9-decode,4,0.42946999019477516,0.4297130000008309
1000,compression,gzip-9-decode,5,0.4105830012122169,0.41080300000118086
1000,compression,gzip-9-decode,6,0.43096400622744113,0.43124499999969146
1000,compression,gzip-9-decode,7,0.42587899952195585,0.42610799999920346
1000,compression,gzip-9-decode,8,0.4221600102027878,0.4223849999984708
1000,compression,gzip-9-decode,9,0.42560999281704426,0.42583300000131885
1000,compression,gzip-9-decode,10,0.4228330071782693,0.4230599999992535
1000,compression,gzip-9-decode,11,0.4504509997786954,0.4507340000010629
1000,compression,gzip-9-decode,12,0.4360070015536621,0.43624499999950217
1000,compression,gzip-9-decode,13,0.44177999370731413,0.44203699999911805
1000,compression,gzip-9-decode,14,0.42484200093895197,0.4250880000000734
1000,compression,gzip-9-decode,15,0.4422089987201616,0.4425129999994226
1000,compression,gzip-9-decode,16,0.44225199962966144,0.44251899999991906
1000,compression,gzip-9-decode,17,0.4484639939619228,0.4487209999997077
1000,compression,gzip-9-decode,18,0.4268790071364492,0.42711400000072786
1000,compression,gzip-9-decode,19,0.4234340012772009,0.423672999998459
1000,compression,brotli-4-encode,0,1.8085909978253767,1.8043960000007075
1000,compression,brotli-4-encode,1,1.8011460051639006,1.80159199999963
1000,compression,brotli-4-encode,2,1.7997739923885092,1.8002389999995927
1000,compression,brotli-4-encode,3,1.797184013412334,1.7974639999991382
1000,compression,brotli-4-encode,4,1.7921640101121739,1.7926339999991825
1000,compression,brotli-4-encode,5,1.7986879975069314,1.7992119999998835
1000,compression,brotli-4-encode,6,1.7971399938687682,1.7976229999998594
1000,compression,brotli-4-encode,7,1.8538759904913604,1.8543620000013306
1000,compression,brotli-4-encode,8,1.8004510056925938,1.8009130000002926
1000,compression,brotli-4-encode,9,1.8001639982685447,1.8006160000005877
1000,compression,brotli-4-encode,10,1.8079590081470087,1.8088940000016152
1000,compression,brotli-4-encode,11,1.7992479988606647,1.7996580000012585
1000,compression,brotli-4-encode,12,1.7964459984796122,1.7969099999994853
1000,compression,brotli-4-encode,13,1.800540994736366,1.8009439999993049
1000,compression,brotli-4-encode,14,1.8008080078288913,1.8012150000004112
1000,compression,brotli-4-encode,15,1.7949250031961128,1.7953840000011212
1000,compression,brotli-4-encode,16,1.7987769970204681,1.799182000000954
1000,compression,brotli-4-encode,17,1.7976009985432029,1.798012000000071
1000,compression,brotli-4-encode,18,1.8086759955622256,1.809158000000366
1000,compression,brotli-4-encode,19,1.7992030043387786,1.7996060000005087
1000,compression,brotli-4-decode,0,0.22946399985812604,0.22983100000040224
1000,compression,brotli-4-decode,1,0.22975400497671217,0.2300319999992695
1000,compression,brotli-4-decode,2,0.2275320002809167,0.22782799999987446
1000,compression,brotli-4-decode,3,0.22902499767951667,0.2292730000004184
1000,compression,brotli-4-decode,4,0.23160700220614672,0.23189999999928546
1000,compression,brotli-4-decode,5,0.22794299002271146,0.22818400000090833
1000,compression,brotli-4-decode,6,0.22631899628322572,0.22658100000150228
1000,compression,brotli-4-decode,7,0.22782100131735206,0.22810299999953543
1000,compression,brotli-4-decode,8,0.2307940012542531,0.23105500000042412
1000,compression,brotli-4-decode,9,0.22827601060271263,0.22861099999893497
1000,compression,brotli-4-decode,10,0.22614700719714165,0.2264160000002846
1000,compression,brotli-4-decode,11,0.22683800489176065,0.22708000000015716
1000,compression,brotli-4-decode,12,0.2294529986102134,0.22972000000009984
1000,compression,brotli-4-decode,13,0.22732799698133022,0.22758899999963944
1000,compression,brotli-4-decode,14,0.22549399000126868,0.22577500000053874
1000,compression,brotli-4-decode,15,0.2272849960718304,0.2275290000000041
1000,compression,brotli-4-decode,16,0.225779993343167,0.22612799999954802
1000,compression,brotli-4-decode,17,0.23004900140222162,0.230328000000668
1000,compression,brotli-4-decode,18,0.225911004235968,0.22616500000083306
1000,compression,brotli-4-decode,19,0.22747500042896718,0.22780399999966505
1000,compression,brotli-6-encode,0,3.934331994969398,3.934986000000862
1000,compression,brotli-6-encode,1,3.9441300032194704,3.945048000000284
1000,compression,brotli-6-encode,2,3.8663980085402727,3.8670189999994165
1000,compression,brotli-6-encode,3,3.889835992595181,3.8904500000001008
1000,compression,brotli-6-encode,4,3.8990339962765574,3.8994690000002663
1000,compression,brotli-6-encode,5,3.8647259934805334,3.8654079999993485
1000,compression,brotli-6-encode,6,3.9193770062411204,3.919969000000023
1000,compression,brotli-6-encode,7,3.917281996109523,3.9178419999998937
1000,compression,brotli-6-encode,8,3.861950011923909,3.8625030000005722
1000,compression,brotli-6-encode,9,3.86992099811323,3.870497000001194
1000,compression,brotli-6-encode,10,3.9248760003829375,3.9254230000000945
1000,compression,brotli-6-encode,11,3.864575002808124,3.865109999999561
1000,compression,brotli-6-encode,12,4.0022780012805015,4.003111999999476
1000,compression,brotli-6-encode,13,3.9222999912453815,3.9229330000001283
1000,compression,brotli-6-encode,14,3.8597499951720238,3.8603259999998585
1000,compression,brotli-6-encode,15,3.8793919957242906,3.8800949999995282
1000,compression,brotli-6-encode,16,3.9992240053834394,4.000006000000056
1000,compression,brotli-6-encode,17,3.903507997165434,3.9041879999999196
1000,compression,brotli-6-encode,18,3.865644001052715,3.8665739999999005
1000,compression,brotli-6-encode,19,3.8639720005448908,3.864420999999396
1000,compression,brotli-6-decode,0,0.2369800058659166,0.2372550000000473
1000,compression,brotli-6-decode,1,0.23749700631015003,0.2414659999985247
1000,compression,brotli-6-decode,2,0.23577599495183676,0.23613099999941767
1000,compression,brotli-6-decode,3,0.23651499941479415,0.23682100000144146
1000,compression,brotli-6-decode,4,0.2346210094401613,0.23489399999832017
1000,compression,brotli-6-decode,5,0.23617899569217116,0.23651499999921555
1000,compression,brotli-6-decode,6,0.2377700002398342,0.2380790000007238
1000,compression,brotli-6-decode,7,0.23567800235468894,0.2359820000013002
1000,compression,brotli-6-decode,8,0.23918999067973346,0.23957400000007567
1000,compression,brotli-6-decode,9,0.2373850002186373,0.23763099999918325
1000,compression,brotli-6-decode,10,0.22286101011559367,0.22315300000030902
1000,compression,brotli-6-decode,11,0.22102199727669358,0.22129199999909588
1000,compression,brotli-6-decode,12,0.21928299975115806,0.21952800000057948
1000,compression,brotli-6-decode,13,0.24220399791374803,0.24261999999986017
1000,compression,brotli-6-decode,14,0.22947600518818945,0.2298149999990784
1000,compression,brotli-6-decode,15,0.22758799605071545,0.22786999999979685
1000,compression,brotli-6-decode,16,0.2254510036436841,0.22568500000019753
1000,compression,brotli-6-decode,17,0.22701499983668327,0.2272960000002655
1000,compression,brotli-6-decode,18,0.2255589934065938,0.22581099999996468
1000,compression,brotli-6-decode,19,0.231404002988711,0.2316649999993814
1000,compression,brotli-9-encode,0,16.45260899385903,16.454956000000465
1000,compression,brotli-9-encode,1,16.35568200435955,16.358009999999368
1000,compression,brotli-9-encode,2,16.428090995759703,16.431045999999228
1000,compression,brotli-9-encode,3,16.481678991112858,16.483915000000238
1000,compression,brotli-9-encode,4,16.701483997167088,16.703893999999053
1000,compression,brotli-9-encode,5,16.6210030001821,16.623967999999323
1000,compression,brotli-9-encode,6,16.734991004341282,16.73807799999949
1000,compression,brotli-9-encode,7,16.372589001548477,16.37513800000079
1000,compression,brotli-9-encode,8,16.602146992227063,16.605196000000433
1000,compression,brotli-9-encode,9,16.532820998691022,16.53545200000117
1000,compression,brotli-9-encode,10,16.550843996810727,16.553307000000572
1000,compression,brotli-9-encode,11,16.41817600466311,16.421138000000113
1000,compression,brotli-9-encode,12,16.56389499839861,16.566128999999208
1000,compression,brotli-9-encode,13,16.410419004387222,16.412640000000422
1000,compression,brotli-9-encode,14,16.668718002620153,16.67163599999988
1000,compression,brotli-9-encode,15,16.443961998447776,16.446055999999487
1000,compression,brotli-9-encode,16,16.41509900218807,16.41781100000017
1000,compression,brotli-9-encode,17,16.435121986432932,16.43761500000096
1000,compression,brotli-9-encode,18,16.69893800863065,16.701132999999757
1000,compression,brotli-9-encode,19,16.537935007363558,16.539840000000083
1000,compression,brotli-9-decode,0,0.23622500884812325,0.23650700000032998
1000,compression,brotli-9-decode,1,0.2313029981451109,0.23154400000002795
1000,compression,brotli-9-decode,2,0.22995300241746008,0.23021900000053108
1000,compression,brotli-9-decode,3,0.2421429962851107,0.24247300000013183
1000,compression,brotli-9-decode,4,0.224043003981933,0.22432400000127473
1000,compression,brotli-9-decode,5,0.22189298761077225,0.2221950000009798
1000,compression,brotli-9-decode,6,0.2204249904025346,0.22064300000046444
1000,compression,brotli-9-decode,7,0.22081600036472082,0.2210690000001847
1000,compression,brotli-9-decode,8,0.2199360023951158,0.2201999999993376
1000,compression,brotli-9-decode,9,0.22497499594464898,0.22525600000022905
1000,compression,brotli-9-decode,10,0.22098098997958004,0.22126300000024912
1000,compression,brotli-9-decode,11,0.22056500893086195,0.2208570000004073
1000,compression,brotli-9-decode,12,0.21967600332573056,0.21991700000079106
1000,compression,brotli-9-decode,13,0.22657299996353686,0.22685299999913866
1000,compression,brotli-9-decode,14,0.21983298938721418,0.22012199999998927
1000,compression,brotli-9-decode,15,0.22077199537307024,0.22104900000030625
1000,compression,brotli-9-decode,16,0.2192659885622561,0.21952699999872038
1000,compression,brotli-9-decode,17,0.24074999964796007,0.2410279999995879
1000,compression,brotli-9-decode,18,0.2297589962836355,0.2300859999984084
1000,compression,brotli-9-decode,19,0.22664300922770053,0.22691000000030215
5000,backend,route,0,849.3863400071859,841.2112589999979
5000,backend,route,1,690.843054006109,682.1600080000003
5000,backend,route,2,680.3726290090708,680.3585380000002
5000,backend,route,3,846.3075199979357,837.7800730000012
5000,backend,route,4,661.8944819929311,653.7083969999991
5000,backend,route,5,864.1569309984334,863.4565569999993
5000,backend,route,6,677.8383709897753,669.7362389999988
5000,backend,route,7,714.3350380065385,706.274939
5000,backend,route,8,766.5564710041508,758.0151669999999
5000,backend,route,9,660.2179490000708,660.3390440000005
5000,backend,route,10,819.1515719954623,810.9555260000008
5000,backend,route,11,690.2172900008736,682.0272560000013
5000,backend,route,12,868.6467569932574,860.6000330000007
5000,backend,route,13,753.4724949946394,753.4065089999978
5000,backend,route,14,820.8755170053337,812.6127809999986
5000,backend,route,15,670.2351510029985,661.9828209999987
5000,backend,route,16,822.4016439926345,813.9925249999998
5000,backend,route,17,767.8304239962017,758.8587060000016
5000,backend,route,18,677.5447630061535,677.4152999999999
5000,backend,route,19,824.599205996492,815.751070000001
5000,backend_inclusive,export_snapshot_from_connection,0,338.7623460002942,
5000,backend_inclusive,export_snapshot_from_connection,1,274.3308579956647,
5000,backend_inclusive,export_snapshot_from_connection,2,268.09916700585745,
5000,backend_inclusive,export_snapshot_from_connection,3,335.78373400087,
5000,backend_inclusive,export_snapshot_from_connection,4,265.46514900110196,
5000,backend_inclusive,export_snapshot_from_connection,5,340.0960980070522,
5000,backend_inclusive,export_snapshot_from_connection,6,270.35080699715763,
5000,backend_inclusive,export_snapshot_from_connection,7,295.88664398761466,
5000,backend_inclusive,export_snapshot_from_connection,8,303.96231600025203,
5000,backend_inclusive,export_snapshot_from_connection,9,267.7242369973101,
5000,backend_inclusive,export_snapshot_from_connection,10,325.21793599880766,
5000,backend_inclusive,export_snapshot_from_connection,11,273.5618019942194,
5000,backend_inclusive,export_snapshot_from_connection,12,355.7960500038462,
5000,backend_inclusive,export_snapshot_from_connection,13,300.9730109915836,
5000,backend_inclusive,export_snapshot_from_connection,14,323.7822320079431,
5000,backend_inclusive,export_snapshot_from_connection,15,269.06053500715643,
5000,backend_inclusive,export_snapshot_from_connection,16,324.8826170020038,
5000,backend_inclusive,export_snapshot_from_connection,17,302.30759699770715,
5000,backend_inclusive,export_snapshot_from_connection,18,286.2683900020784,
5000,backend_inclusive,export_snapshot_from_connection,19,325.84073100588284,
5000,backend_inclusive,_construct,0,718.2313660014188,
5000,backend_inclusive,_construct,1,578.6394259921508,
5000,backend_inclusive,_construct,2,581.6248129995074,
5000,backend_inclusive,_construct,3,712.6855499955127,
5000,backend_inclusive,_construct,4,555.5388139910065,
5000,backend_inclusive,_construct,5,740.4133770032786,
5000,backend_inclusive,_construct,6,572.3621649958659,
5000,backend_inclusive,_construct,7,602.752346007037,
5000,backend_inclusive,_construct,8,644.4232999929227,
5000,backend_inclusive,_construct,9,562.1987670019735,
5000,backend_inclusive,_construct,10,689.8252579994733,
5000,backend_inclusive,_construct,11,579.3173550046049,
5000,backend_inclusive,_construct,12,734.0792480099481,
5000,backend_inclusive,_construct,13,639.9201370077208,
5000,backend_inclusive,_construct,14,690.6365280010505,
5000,backend_inclusive,_construct,15,563.540549002937,
5000,backend_inclusive,_construct,16,691.5983210055856,
5000,backend_inclusive,_construct,17,644.8288570099976,
5000,backend_inclusive,_construct,18,579.5745770010399,
5000,backend_inclusive,_construct,19,693.757169006858,
5000,backend_inclusive,json_render,0,34.30515599029604,
5000,backend_inclusive,json_render,1,28.03084600600414,
5000,backend_inclusive,json_render,2,26.92115599347744,
5000,backend_inclusive,json_render,3,34.72892500576563,
5000,backend_inclusive,json_render,4,26.920561998849735,
5000,backend_inclusive,json_render,5,34.553025994682685,
5000,backend_inclusive,json_render,6,27.018762004445307,
5000,backend_inclusive,json_render,7,28.458504006266594,
5000,backend_inclusive,json_render,8,31.577097994158976,
5000,backend_inclusive,json_render,9,27.097428988781758,
5000,backend_inclusive,json_render,10,33.798860997194424,
5000,backend_inclusive,json_render,11,28.203180991113186,
5000,backend_inclusive,json_render,12,35.17567600647453,
5000,backend_inclusive,json_render,13,31.405148998601362,
5000,backend_inclusive,json_render,14,33.568019993253984,
5000,backend_inclusive,json_render,15,26.943775999825448,
5000,backend_inclusive,json_render,16,33.87866698903963,
5000,backend_inclusive,json_render,17,31.2019010016229,
5000,backend_inclusive,json_render,18,27.013256010832265,
5000,backend_inclusive,json_render,19,33.80395799467806,
5000,backend_inclusive,_terminal_guard,0,0.9318539960077032,
5000,backend_inclusive,_terminal_guard,1,0.780672999098897,
5000,backend_inclusive,_terminal_guard,2,0.78457900963258,
5000,backend_inclusive,_terminal_guard,3,0.9165520023088902,
5000,backend_inclusive,_terminal_guard,4,0.778114001150243,
5000,backend_inclusive,_terminal_guard,5,0.9242070082109421,
5000,backend_inclusive,_terminal_guard,6,0.7767749921185896,
5000,backend_inclusive,_terminal_guard,7,0.9867560002021492,
5000,backend_inclusive,_terminal_guard,8,0.8251589897554368,
5000,backend_inclusive,_terminal_guard,9,0.7671380008105189,
5000,backend_inclusive,_terminal_guard,10,0.8927120070438832,
5000,backend_inclusive,_terminal_guard,11,0.7837549928808585,
5000,backend_inclusive,_terminal_guard,12,0.9119030000874773,
5000,backend_inclusive,_terminal_guard,13,0.8466319995932281,
5000,backend_inclusive,_terminal_guard,14,0.8951730123953894,
5000,backend_inclusive,_terminal_guard,15,0.7717109983786941,
5000,backend_inclusive,_terminal_guard,16,0.8484660065732896,
5000,backend_inclusive,_terminal_guard,17,0.8376649930141866,
5000,backend_inclusive,_terminal_guard,18,0.7865490042604506,
5000,backend_inclusive,_terminal_guard,19,0.8881340036168694,
5000,backend_inclusive,_prepare,0,115.67813399597071,
5000,backend_inclusive,_prepare,1,96.65440498793032,
5000,backend_inclusive,_prepare,2,92.0254739903612,
5000,backend_inclusive,_prepare,3,117.58708600245882,
5000,backend_inclusive,_prepare,4,91.11554699484259,
5000,backend_inclusive,_prepare,5,116.47336299938615,
5000,backend_inclusive,_prepare,6,90.23417001299094,
5000,backend_inclusive,_prepare,7,95.93147000123281,
5000,backend_inclusive,_prepare,8,106.64188799273688,
5000,backend_inclusive,_prepare,9,91.06423899356741,
5000,backend_inclusive,_prepare,10,113.62413200549781,
5000,backend_inclusive,_prepare,11,95.86986601061653,
5000,backend_inclusive,_prepare,12,119.21976799203549,
5000,backend_inclusive,_prepare,13,106.57648099004291,
5000,backend_inclusive,_prepare,14,114.71095398883335,
5000,backend_inclusive,_prepare,15,90.84702299151104,
5000,backend_inclusive,_prepare,16,114.9693499901332,
5000,backend_inclusive,_prepare,17,106.63819799083285,
5000,backend_inclusive,_prepare,18,91.10094400239177,
5000,backend_inclusive,_prepare,19,114.62753100204282,
5000,compression,gzip-1-encode,0,5.648809994454496,5.649052000002541
5000,compression,gzip-1-encode,1,5.61051799741108,5.610785000001783
5000,compression,gzip-1-encode,2,5.635086999973282,5.635337000001073
5000,compression,gzip-1-encode,3,5.599971002084203,5.60019599999606
5000,compression,gzip-1-encode,4,5.595323003944941,5.595548000002282
5000,compression,gzip-1-encode,5,5.648872000165284,5.649181999999087
5000,compression,gzip-1-encode,6,5.597829993348569,5.600395000001868
5000,compression,gzip-1-encode,7,5.647408994263969,5.647656999997253
5000,compression,gzip-1-encode,8,5.596308998065069,5.5965419999992605
5000,compression,gzip-1-encode,9,5.612239008769393,5.612587999998198
5000,compression,gzip-1-encode,10,5.607352999504656,5.6075820000032195
5000,compression,gzip-1-encode,11,5.600689997663721,5.600913999998625
5000,compression,gzip-1-encode,12,5.640940988087095,5.641190000005736
5000,compression,gzip-1-encode,13,5.601063996437006,5.601304999999002
5000,compression,gzip-1-encode,14,5.586486993706785,5.586716999999908
5000,compression,gzip-1-encode,15,5.599794996669516,5.600035000000503
5000,compression,gzip-1-encode,16,5.5909259972395375,5.591156000001263
5000,compression,gzip-1-encode,17,5.601432989351451,5.601645999995242
5000,compression,gzip-1-encode,18,5.734124992159195,5.734408999998664
5000,compression,gzip-1-encode,19,5.596802991931327,5.59700800000229
5000,compression,gzip-1-decode,0,1.497118006227538,1.4976899999936677
5000,compression,gzip-1-decode,1,1.4795049937674776,1.4801950000062902
5000,compression,gzip-1-decode,2,1.5235479950206354,1.5242079999993052
5000,compression,gzip-1-decode,3,1.5163509960984811,1.517057000000932
5000,compression,gzip-1-decode,4,1.5270989970304072,1.5275270000003616
5000,compression,gzip-1-decode,5,1.5231790021061897,1.523833999996782
5000,compression,gzip-1-decode,6,1.533123999251984,1.5335710000030645
5000,compression,gzip-1-decode,7,1.4757930039195344,1.4762839999988842
5000,compression,gzip-1-decode,8,1.5303739928640425,1.5309590000001094
5000,compression,gzip-1-decode,9,1.5564269997412339,1.5573910000057367
5000,compression,gzip-1-decode,10,1.5341690013883635,1.5346420000028616
5000,compression,gzip-1-decode,11,1.5281810046872124,1.528731000000505
5000,compression,gzip-1-decode,12,1.5465830074390396,1.5474510000004216
5000,compression,gzip-1-decode,13,1.478111997130327,1.4786020000059352
5000,compression,gzip-1-decode,14,1.5521950117545202,1.5528939999995828
5000,compression,gzip-1-decode,15,1.5150910039665177,1.5155589999977792
5000,compression,gzip-1-decode,16,1.5213400038192049,1.5219399999963912
5000,compression,gzip-1-decode,17,1.5103280020412058,1.5107179999986897
5000,compression,gzip-1-decode,18,1.518099001259543,1.5188129999970101
5000,compression,gzip-1-decode,19,1.5122850018087775,1.5127049999961173
5000,compression,gzip-6-encode,0,12.941132998093963,12.941587000000254
5000,compression,gzip-6-encode,1,12.904748000437394,12.90526600000419
5000,compression,gzip-6-encode,2,12.847710997448303,12.848040000001504
5000,compression,gzip-6-encode,3,13.049176006461494,13.049447000000214
5000,compression,gzip-6-encode,4,12.820301999454387,12.820679000000723
5000,compression,gzip-6-encode,5,12.927229006891139,12.927458000000058
5000,compression,gzip-6-encode,6,12.829952989704907,12.830210000004172
5000,compression,gzip-6-encode,7,12.887022996437736,12.887562000003072
5000,compression,gzip-6-encode,8,12.815287002013065,12.815532000004737
5000,compression,gzip-6-encode,9,12.939815002027899,12.9400430000004
5000,compression,gzip-6-encode,10,12.788086998625658,12.788323000002322
5000,compression,gzip-6-encode,11,12.853029009420425,12.853263000003778
5000,compression,gzip-6-encode,12,12.86622800398618,12.866430000002538
5000,compression,gzip-6-encode,13,12.887075994512998,12.887315000000399
5000,compression,gzip-6-encode,14,12.860464994446374,12.860732999996571
5000,compression,gzip-6-encode,15,12.8883129946189,12.888566000000878
5000,compression,gzip-6-encode,16,12.88874400779605,12.888990999996963
5000,compression,gzip-6-encode,17,12.881413000286557,12.88167299999543
5000,compression,gzip-6-encode,18,12.855371998739429,12.855656000006377
5000,compression,gzip-6-encode,19,12.860406000982039,12.860639000003005
5000,compression,gzip-6-decode,0,1.4788660046178848,1.4691430000013384
5000,compression,gzip-6-decode,1,1.4639029977843165,1.464527999999632
5000,compression,gzip-6-decode,2,1.4271470136009157,1.4279660000013905
5000,compression,gzip-6-decode,3,1.4185820036800578,1.419141999996043
5000,compression,gzip-6-decode,4,1.4291460101958364,1.429616999999439
5000,compression,gzip-6-decode,5,1.4192950038705021,1.4197530000004122
5000,compression,gzip-6-decode,6,1.4327579992823303,1.4332310000000348
5000,compression,gzip-6-decode,7,1.4306340017355978,1.4312409999988063
5000,compression,gzip-6-decode,8,1.4283679920481518,1.4289249999990261
5000,compression,gzip-6-decode,9,1.4169690111884847,1.4174519999983204
5000,compression,gzip-6-decode,10,1.4663000038126484,1.4707469999990508
5000,compression,gzip-6-decode,11,1.3960519863758236,1.3965229999968187
5000,compression,gzip-6-decode,12,1.456800993764773,1.4573839999982852
5000,compression,gzip-6-decode,13,1.4710750110680237,1.471524000002944
5000,compression,gzip-6-decode,14,1.4999320119386539,1.5004999999987945
5000,compression,gzip-6-decode,15,1.5046099870232865,1.5051210000009974
5000,compression,gzip-6-decode,16,1.4577709953300655,1.458317999997405
5000,compression,gzip-6-decode,17,1.383449009153992,1.3840780000009545
5000,compression,gzip-6-decode,18,1.432849996490404,1.4335070000015548
5000,compression,gzip-6-decode,19,1.4585719909518957,1.4592200000009825
5000,compression,gzip-9-encode,0,26.90163800434675,26.902017999994143
5000,compression,gzip-9-encode,1,27.39339201070834,27.393551000002958
5000,compression,gzip-9-encode,2,26.857753997319378,26.857919000001118
5000,compression,gzip-9-encode,3,27.341048000380397,27.34111600000233
5000,compression,gzip-9-encode,4,26.962137999362312,26.962473999994074
5000,compression,gzip-9-encode,5,27.403590007452294,27.404108000006033
5000,compression,gzip-9-encode,6,28.098916009184904,28.09954300000328
5000,compression,gzip-9-encode,7,27.933442004723474,27.927595000001304
5000,compression,gzip-9-encode,8,26.872515998547897,26.87267099999957
5000,compression,gzip-9-encode,9,27.415218006353825,27.415741000005767
5000,compression,gzip-9-encode,10,26.843872998142615,26.843966000001274
5000,compression,gzip-9-encode,11,27.380668005207554,27.38077099999714
5000,compression,gzip-9-encode,12,26.85437598847784,26.854821999997114
5000,compression,gzip-9-encode,13,27.503403995069675,27.501133000001232
5000,compression,gzip-9-encode,14,26.821778010344133,26.82190599999501
5000,compression,gzip-9-encode,15,27.374817000236362,27.375325999997813
5000,compression,gzip-9-encode,16,26.827736000996083,26.827876999995226
5000,compression,gzip-9-encode,17,27.37298699503299,27.373136999997882
5000,compression,gzip-9-encode,18,26.85459199710749,26.854747999998096
5000,compression,gzip-9-encode,19,27.38353400491178,27.376716999995665
5000,compression,gzip-9-decode,0,1.380630987114273,1.3811059999966346
5000,compression,gzip-9-decode,1,1.4615940017392859,1.4625049999992257
5000,compression,gzip-9-decode,2,1.393134007230401,1.393706999998301
5000,compression,gzip-9-decode,3,1.3833210105076432,1.3837509999987674
5000,compression,gzip-9-decode,4,1.3976059999549761,1.398137999998994
5000,compression,gzip-9-decode,5,1.4127650065347552,1.4133489999963444
5000,compression,gzip-9-decode,6,1.4388459967449307,1.4396790000006376
5000,compression,gzip-9-decode,7,1.4106150047155097,1.4111720000045125
5000,compression,gzip-9-decode,8,1.4140809944365174,1.4147790000009763
5000,compression,gzip-9-decode,9,1.391600992064923,1.3921710000062149
5000,compression,gzip-9-decode,10,1.4313060091808438,1.4319630000017014
5000,compression,gzip-9-decode,11,1.3964269892312586,1.396990000003484
5000,compression,gzip-9-decode,12,1.4161370054353029,1.416698999996413
5000,compression,gzip-9-decode,13,1.408811003784649,1.4094739999990225
5000,compression,gzip-9-decode,14,1.4293970016296953,1.429973999997003
5000,compression,gzip-9-decode,15,1.397382002323866,1.3980169999996406
5000,compression,gzip-9-decode,16,1.4698339946335182,1.4707360000016934
5000,compression,gzip-9-decode,17,1.4143480075290427,1.4148939999998333
5000,compression,gzip-9-decode,18,1.4306610100902617,1.431214000000125
5000,compression,gzip-9-decode,19,1.4104440051596612,1.4110919999978933
5000,compression,brotli-4-encode,0,6.287941985647194,6.290213999996297
5000,compression,brotli-4-encode,1,6.356188998324797,6.35796400000288
5000,compression,brotli-4-encode,2,6.123155006207526,6.124792999997908
5000,compression,brotli-4-encode,3,6.489193998277187,6.491283999999098
5000,compression,brotli-4-encode,4,6.3661620079074055,6.368426999998178
5000,compression,brotli-4-encode,5,6.178108000312932,6.17974900000462
5000,compression,brotli-4-encode,6,6.290053002885543,6.292303999998694
5000,compression,brotli-4-encode,7,6.24124200840015,6.242918999994629
5000,compression,brotli-4-encode,8,6.209451996255666,6.211170000000266
5000,compression,brotli-4-encode,9,6.161053999676369,6.162652999996965
5000,compression,brotli-4-encode,10,6.159470998682082,6.160919999999237
5000,compression,brotli-4-encode,11,6.257750006625429,6.259335000002864
5000,compression,brotli-4-encode,12,6.275389998336323,6.27737500000336
5000,compression,brotli-4-encode,13,6.2725580064579844,6.274326000003327
5000,compression,brotli-4-encode,14,6.204146993695758,6.2061730000024795
5000,compression,brotli-4-encode,15,6.195676993229426,6.1977029999980005
5000,compression,brotli-4-encode,16,6.288712000241503,6.290530000001127
5000,compression,brotli-4-encode,17,6.259248999413103,6.261415000004433
5000,compression,brotli-4-encode,18,6.794020999222994,6.795957000001351
5000,compression,brotli-4-encode,19,6.752072993549518,6.755221999995342
5000,compression,brotli-4-decode,0,0.777011999161914,0.7784340000043244
5000,compression,brotli-4-decode,1,0.9700899972813204,0.9727870000020289
5000,compression,brotli-4-decode,2,0.8990810019895434,0.9000609999958442
5000,compression,brotli-4-decode,3,0.8258290035882965,0.827496999995958
5000,compression,brotli-4-decode,4,0.8523700089426711,0.8531800000000089
5000,compression,brotli-4-decode,5,0.9196850005537271,0.9211759999985247
5000,compression,brotli-4-decode,6,0.8373070013476536,0.8387489999961417
5000,compression,brotli-4-decode,7,0.9254839969798923,0.9283629999998766
5000,compression,brotli-4-decode,8,0.7404909993056208,0.7417579999966506
5000,compression,brotli-4-decode,9,0.7274400122696534,0.7291530000017588
5000,compression,brotli-4-decode,10,0.6681939994450659,0.6696729999973172
5000,compression,brotli-4-decode,11,0.7625260041095316,0.7642559999965215
5000,compression,brotli-4-decode,12,0.6915470003150403,0.6927760000010608
5000,compression,brotli-4-decode,13,0.7164700073190033,0.7181709999954933
5000,compression,brotli-4-decode,14,0.6861720030428842,0.6870100000000434
5000,compression,brotli-4-decode,15,0.7896169990999624,0.7919270000016354
5000,compression,brotli-4-decode,16,0.7129069999791682,0.7139199999954826
5000,compression,brotli-4-decode,17,0.7177930092439055,0.7189519999997174
5000,compression,brotli-4-decode,18,0.6864280003355816,0.6878659999998149
5000,compression,brotli-4-decode,19,0.7722769951215014,0.7742459999988682
5000,compression,brotli-6-encode,0,15.1145709969569,15.116304999999386
5000,compression,brotli-6-encode,1,15.264722009305842,15.266642999996805
5000,compression,brotli-6-encode,2,15.788254997460172,15.789955000002465
5000,compression,brotli-6-encode,3,14.909771998645738,14.91151999999829
5000,compression,brotli-6-encode,4,15.081707009812817,15.083568999997965
5000,compression,brotli-6-encode,5,15.191610000329092,15.193060000001424
5000,compression,brotli-6-encode,6,15.291278992663138,15.292821999999262
5000,compression,brotli-6-encode,7,15.178945992374793,15.170996999998465
5000,compression,brotli-6-encode,8,15.44900999579113,15.450407999999527
5000,compression,brotli-6-encode,9,15.27328100928571,15.274942000004899
5000,compression,brotli-6-encode,10,15.347715001553297,15.349604000000738
5000,compression,brotli-6-encode,11,15.248632000293583,15.250270999999316
5000,compression,brotli-6-encode,12,15.304642001865432,15.306187000000193
5000,compression,brotli-6-encode,13,15.39613500062842,15.398307000005218
5000,compression,brotli-6-encode,14,15.24509399314411,15.24669799999856
5000,compression,brotli-6-encode,15,15.267602007952519,15.259684999996637
5000,compression,brotli-6-encode,16,15.19457199901808,15.196405000004631
5000,compression,brotli-6-encode,17,15.08407699293457,15.085532000000512
5000,compression,brotli-6-encode,18,15.14914000290446,15.150656000002982
5000,compression,brotli-6-encode,19,15.088136002304964,15.09006500000254
5000,compression,brotli-6-decode,0,0.8041070104809478,0.8052690000042162
5000,compression,brotli-6-decode,1,0.8498270035488531,0.8517760000046337
5000,compression,brotli-6-decode,2,0.7888330001151189,0.7896150000021862
5000,compression,brotli-6-decode,3,0.842641995404847,0.8444979999993052
5000,compression,brotli-6-decode,4,0.7849679968785495,0.7859039999971174
5000,compression,brotli-6-decode,5,0.8516780071659014,0.8527499999999577
5000,compression,brotli-6-decode,6,0.7815199933247641,0.7822600000011448
5000,compression,brotli-6-decode,7,0.8543180010747164,0.8551800000020648
5000,compression,brotli-6-decode,8,0.7830100075807422,0.7838739999996847
5000,compression,brotli-6-decode,9,0.8625920017948374,0.8637279999987868
5000,compression,brotli-6-decode,10,0.7876909949118271,0.7886130000045455
5000,compression,brotli-6-decode,11,0.8825049881124869,0.8838729999993689
5000,compression,brotli-6-decode,12,0.8035899954847991,0.8043099999994752
5000,compression,brotli-6-decode,13,0.8544670126866549,0.8555970000045932
5000,compression,brotli-6-decode,14,0.7816980069037527,0.7827100000028508
5000,compression,brotli-6-decode,15,0.8442969992756844,0.8455980000050545
5000,compression,brotli-6-decode,16,0.7889209955465049,0.7896559999949204
5000,compression,brotli-6-decode,17,0.8446059946436435,0.8455520000012484
5000,compression,brotli-6-decode,18,0.7812249968992546,0.7821479999989833
5000,compression,brotli-6-decode,19,0.8536380046280101,0.855049999998414
5000,compression,brotli-9-encode,0,36.32396199100185,36.321888999999885
5000,compression,brotli-9-encode,1,34.196727006928995,34.19874299999748
5000,compression,brotli-9-encode,2,33.94264800590463,33.94486399999863
5000,compression,brotli-9-encode,3,34.43696199974511,34.43887699999948
5000,compression,brotli-9-encode,4,34.25171501294244,34.2536290000055
5000,compression,brotli-9-encode,5,34.2568880005274,34.25105499999859
5000,compression,brotli-9-encode,6,33.771000991691835,33.77296299999699
5000,compression,brotli-9-encode,7,33.73347199521959,33.72798000000188
5000,compression,brotli-9-encode,8,33.85053400415927,33.85239100000348
5000,compression,brotli-9-encode,9,34.054431002005,34.05648500000069
5000,compression,brotli-9-encode,10,33.680659005767666,33.68237900000537
5000,compression,brotli-9-encode,11,34.126946004107594,34.12955699999998
5000,compression,brotli-9-encode,12,33.76806099549867,33.77028699999585
5000,compression,brotli-9-encode,13,33.63855299539864,33.64046999999459
5000,compression,brotli-9-encode,14,34.32754799723625,34.329741999997054
5000,compression,brotli-9-encode,15,34.16526400542352,34.16723800000199
5000,compression,brotli-9-encode,16,34.18625199992675,34.18785099999866
5000,compression,brotli-9-encode,17,33.9027769950917,33.90455800000325
5000,compression,brotli-9-encode,18,33.97943500021938,33.981455000002825
5000,compression,brotli-9-encode,19,36.14991399808787,36.15201199999518
5000,compression,brotli-9-decode,0,0.8146899926941842,0.8160720000063293
5000,compression,brotli-9-decode,1,0.8239039889303967,0.8255959999985407
5000,compression,brotli-9-decode,2,0.7759040017845109,0.7772940000023709
5000,compression,brotli-9-decode,3,0.8414979965891689,0.8431669999993119
5000,compression,brotli-9-decode,4,0.772758008679375,0.7741249999995148
5000,compression,brotli-9-decode,5,0.8205769991036505,0.8220770000022526
5000,compression,brotli-9-decode,6,0.7655579975107685,0.766525999999601
5000,compression,brotli-9-decode,7,0.8157100091921166,0.8177739999979394
5000,compression,brotli-9-decode,8,0.761265997425653,0.7621489999962705
5000,compression,brotli-9-decode,9,0.8278469904325902,0.8297629999987066
5000,compression,brotli-9-decode,10,0.7679499976802617,0.7689999999982433
5000,compression,brotli-9-decode,11,0.8286820084322244,0.8303689999991093
5000,compression,brotli-9-decode,12,0.7691799983149394,0.7701729999993745
5000,compression,brotli-9-decode,13,0.8456340001430362,0.8369029999997224
5000,compression,brotli-9-decode,14,0.7704669988015667,0.7714730000003556
5000,compression,brotli-9-decode,15,0.8266340009868145,0.8283370000015111
5000,compression,brotli-9-decode,16,0.764965996495448,0.7658100000043078
5000,compression,brotli-9-decode,17,0.855645994306542,0.8574000000010074
5000,compression,brotli-9-decode,18,0.7759040017845109,0.7772839999944381
5000,compression,brotli-9-decode,19,0.8266179938800633,0.8285629999988942
10000,backend,route,0,1286.2229260063032,1278.6452200000012
10000,backend,route,1,1295.278227989911,1287.335805000005
10000,backend,route,2,1633.7575079960516,1624.8753940000001
10000,backend,route,3,1293.5108480014605,1285.357222000002
10000,backend,route,4,1351.150503003737,1343.2361679999972
10000,backend,route,5,1272.702265996486,1271.0626349999998
10000,backend,route,6,1628.129832999548,1619.5341940000035
10000,backend,route,7,1299.6925540064694,1290.9951229999947
10000,backend,route,8,1302.6688960089814,1293.8014889999963
10000,backend,route,9,1580.640193002182,1572.1321980000057
10000,backend,route,10,1672.1445610019146,1663.9066740000032
10000,backend,route,11,1670.941631993628,1664.237571000001
10000,backend,route,12,1318.3436730032554,1309.3382210000045
10000,backend,route,13,1605.8294160029618,1598.3704939999939
10000,backend,route,14,1568.4236980014248,1566.900923999995
10000,backend,route,15,1287.443738008733,1278.6847020000068
10000,backend,route,16,1599.8352610040456,1591.6203900000028
10000,backend,route,17,1270.5776690127095,1261.689802999996
10000,backend,route,18,1628.4682260011323,1620.4228400000034
10000,backend,route,19,1345.8390000014333,1337.681058000001
10000,backend_inclusive,export_snapshot_from_connection,0,530.9501889860258,
10000,backend_inclusive,export_snapshot_from_connection,1,538.2394499902148,
10000,backend_inclusive,export_snapshot_from_connection,2,672.9450699931476,
10000,backend_inclusive,export_snapshot_from_connection,3,530.9330500022043,
10000,backend_inclusive,export_snapshot_from_connection,4,558.2954349956708,
10000,backend_inclusive,export_snapshot_from_connection,5,518.0906710011186,
10000,backend_inclusive,export_snapshot_from_connection,6,671.2007150053978,
10000,backend_inclusive,export_snapshot_from_connection,7,538.8862719992176,
10000,backend_inclusive,export_snapshot_from_connection,8,522.0582170004491,
10000,backend_inclusive,export_snapshot_from_connection,9,641.702704000636,
10000,backend_inclusive,export_snapshot_from_connection,10,683.545285006403,
10000,backend_inclusive,export_snapshot_from_connection,11,694.1187210031785,
10000,backend_inclusive,export_snapshot_from_connection,12,556.9245700025931,
10000,backend_inclusive,export_snapshot_from_connection,13,662.3989239888033,
10000,backend_inclusive,export_snapshot_from_connection,14,642.2860309976386,
10000,backend_inclusive,export_snapshot_from_connection,15,533.6421259999042,
10000,backend_inclusive,export_snapshot_from_connection,16,661.4750470034778,
10000,backend_inclusive,export_snapshot_from_connection,17,512.3681429977296,
10000,backend_inclusive,export_snapshot_from_connection,18,683.9029269904131,
10000,backend_inclusive,export_snapshot_from_connection,19,553.2421810057713,
10000,backend_inclusive,_construct,0,1084.5375979988603,
10000,backend_inclusive,_construct,1,1095.452049994492,
10000,backend_inclusive,_construct,2,1380.6356949935434,
10000,backend_inclusive,_construct,3,1089.3576929956907,
10000,backend_inclusive,_construct,4,1140.5478659871733,
10000,backend_inclusive,_construct,5,1078.170467997552,
10000,backend_inclusive,_construct,6,1379.9591959977988,
10000,backend_inclusive,_construct,7,1099.6144839882618,
10000,backend_inclusive,_construct,8,1100.4246750089806,
10000,backend_inclusive,_construct,9,1337.16893599194,
10000,backend_inclusive,_construct,10,1418.6155649949796,
10000,backend_inclusive,_construct,11,1417.6123209908837,
10000,backend_inclusive,_construct,12,1116.4015419926727,
10000,backend_inclusive,_construct,13,1357.1395319886506,
10000,backend_inclusive,_construct,14,1333.728212994174,
10000,backend_inclusive,_construct,15,1088.8498059939593,
10000,backend_inclusive,_construct,16,1352.5345050002215,
10000,backend_inclusive,_construct,17,1068.8977440004237,
10000,backend_inclusive,_construct,18,1379.0131129935617,
10000,backend_inclusive,_construct,19,1135.9143649897305,
10000,backend_inclusive,json_render,0,54.92116999812424,
10000,backend_inclusive,json_render,1,52.54358900128864,
10000,backend_inclusive,json_render,2,67.7243499958422,
10000,backend_inclusive,json_render,3,52.79263498960063,
10000,backend_inclusive,json_render,4,55.82456999400165,
10000,backend_inclusive,json_render,5,54.20481499459129,
10000,backend_inclusive,json_render,6,67.62185000116006,
10000,backend_inclusive,json_render,7,53.813104997971095,
10000,backend_inclusive,json_render,8,54.58940799871925,
10000,backend_inclusive,json_render,9,66.66555099945981,
10000,backend_inclusive,json_render,10,69.43748900084756,
10000,backend_inclusive,json_render,11,68.20424299803562,
10000,backend_inclusive,json_render,12,53.291627002181485,
10000,backend_inclusive,json_render,13,66.88641000073403,
10000,backend_inclusive,json_render,14,65.67755399737507,
10000,backend_inclusive,json_render,15,54.61591700441204,
10000,backend_inclusive,json_render,16,66.01324200164527,
10000,backend_inclusive,json_render,17,54.3228759925114,
10000,backend_inclusive,json_render,18,66.40707900805864,
10000,backend_inclusive,json_render,19,55.93842300004326,
10000,backend_inclusive,_terminal_guard,0,0.7817739970050752,
10000,backend_inclusive,_terminal_guard,1,0.775612992583774,
10000,backend_inclusive,_terminal_guard,2,0.9045629994943738,
10000,backend_inclusive,_terminal_guard,3,0.803878006990999,
10000,backend_inclusive,_terminal_guard,4,0.7812020048731938,
10000,backend_inclusive,_terminal_guard,5,0.803689006716013,
10000,backend_inclusive,_terminal_guard,6,0.9298980003222823,
10000,backend_inclusive,_terminal_guard,7,0.8347120019607246,
10000,backend_inclusive,_terminal_guard,8,0.8981480059446767,
10000,backend_inclusive,_terminal_guard,9,0.8752499998081475,
10000,backend_inclusive,_terminal_guard,10,0.9522750042378902,
10000,backend_inclusive,_terminal_guard,11,0.9242399974027649,
10000,backend_inclusive,_terminal_guard,12,0.8239620074164122,
10000,backend_inclusive,_terminal_guard,13,0.8575789979659021,
10000,backend_inclusive,_terminal_guard,14,0.8623830071883276,
10000,backend_inclusive,_terminal_guard,15,0.7890489941928536,
10000,backend_inclusive,_terminal_guard,16,0.8937039965530857,
10000,backend_inclusive,_terminal_guard,17,0.7880480116000399,
10000,backend_inclusive,_terminal_guard,18,0.8758850017329678,
10000,backend_inclusive,_terminal_guard,19,1.368259996525012,
10000,backend_inclusive,_prepare,0,182.92353600554634,
10000,backend_inclusive,_prepare,1,182.9742069967324,
10000,backend_inclusive,_prepare,2,231.5599529974861,
10000,backend_inclusive,_prepare,3,181.64953800442163,
10000,backend_inclusive,_prepare,4,192.08671899104957,
10000,backend_inclusive,_prepare,5,183.9894939912483,
10000,backend_inclusive,_prepare,6,230.4766940069385,
10000,backend_inclusive,_prepare,7,182.7196280064527,
10000,backend_inclusive,_prepare,8,184.49431199405808,
10000,backend_inclusive,_prepare,9,226.10110499954317,
10000,backend_inclusive,_prepare,10,235.65584600146394,
10000,backend_inclusive,_prepare,11,233.40070800622925,
10000,backend_inclusive,_prepare,12,180.67200199584477,
10000,backend_inclusive,_prepare,13,226.01575699809473,
10000,backend_inclusive,_prepare,14,224.04781100340188,
10000,backend_inclusive,_prepare,15,181.2200389977079,
10000,backend_inclusive,_prepare,16,226.76802500791382,
10000,backend_inclusive,_prepare,17,183.71028199908324,
10000,backend_inclusive,_prepare,18,225.7875770010287,
10000,backend_inclusive,_prepare,19,190.16091999947093,
10000,compression,gzip-1-encode,0,12.49528799962718,12.495649000001663
10000,compression,gzip-1-encode,1,12.461505000828765,12.46201799999369
10000,compression,gzip-1-encode,2,12.484535996918567,12.484982000003697
10000,compression,gzip-1-encode,3,12.445646003470756,12.445896999992101
10000,compression,gzip-1-encode,4,12.445202999515459,12.445812999999362
10000,compression,gzip-1-encode,5,12.42809000541456,12.428391999989685
10000,compression,gzip-1-encode,6,12.426426997990347,12.42677700000172
10000,compression,gzip-1-encode,7,12.52216899592895,12.522902000000613
10000,compression,gzip-1-encode,8,12.454488998628221,12.454966000007062
10000,compression,gzip-1-encode,9,12.457019998691976,12.4574430000024
10000,compression,gzip-1-encode,10,12.43955100653693,12.439994999994042
10000,compression,gzip-1-encode,11,12.443853993318044,12.4442749999929
10000,compression,gzip-1-encode,12,12.460245008696802,12.456069000009506
10000,compression,gzip-1-encode,13,12.332570011494681,12.33376199999725
10000,compression,gzip-1-encode,14,12.551413994515315,12.552170000006413
10000,compression,gzip-1-encode,15,12.381770997308195,12.382454999993797
10000,compression,gzip-1-encode,16,12.507460996857844,12.508014999994543
10000,compression,gzip-1-encode,17,12.446406995877624,12.446906999997509
10000,compression,gzip-1-encode,18,12.48741999734193,12.487908000011316
10000,compression,gzip-1-encode,19,12.425077991792932,12.42570700000556
10000,compression,gzip-1-decode,0,3.4886670036939904,3.489771999994673
10000,compression,gzip-1-decode,1,3.463094006292522,3.464213000000882
10000,compression,gzip-1-decode,2,3.4810469951480627,3.481900000011251
10000,compression,gzip-1-decode,3,3.4471539984224364,3.4481379999959927
10000,compression,gzip-1-decode,4,3.3997989958152175,3.400896999991687
10000,compression,gzip-1-decode,5,3.4597689955262467,3.4608099999928754
10000,compression,gzip-1-decode,6,3.4706250007729977,3.472023999989915
10000,compression,gzip-1-decode,7,3.5320019960636273,3.533219000004806
10000,compression,gzip-1-decode,8,3.5061359958490357,3.5071969999904695
10000,compression,gzip-1-decode,9,3.4967799874721095,3.4981750000042666
10000,compression,gzip-1-decode,10,3.462545995716937,3.4637759999895934
10000,compression,gzip-1-decode,11,3.387976990779862,3.389015999999856
10000,compression,gzip-1-decode,12,3.4736969973891973,3.474734000008084
10000,compression,gzip-1-decode,13,3.485916997306049,3.486991000002604
10000,compression,gzip-1-decode,14,3.4546259994385764,3.455737999999542
10000,compression,gzip-1-decode,15,3.485416993498802,3.486270999999874
10000,compression,gzip-1-decode,16,3.4127739927498624,3.413984999994568
10000,compression,gzip-1-decode,17,3.4260870015714318,3.427444999999807
10000,compression,gzip-1-decode,18,3.4987070102943107,3.500011999989283
10000,compression,gzip-1-decode,19,3.5103580012219027,3.511461000002214
10000,compression,gzip-6-encode,0,28.217799990670756,28.2181310000027
10000,compression,gzip-6-encode,1,28.095307003241032,28.095820999993748
10000,compression,gzip-6-encode,2,28.22923999337945,28.22634800000401
10000,compression,gzip-6-encode,3,28.10378500726074,28.104757999997787
10000,compression,gzip-6-encode,4,28.028863001964055,28.029228999997713
10000,compression,gzip-6-encode,5,28.167598007712513,28.16786200000365
10000,compression,gzip-6-encode,6,28.132876002928242,28.133675999995944
10000,compression,gzip-6-encode,7,28.028872999129817,28.02971900000273
10000,compression,gzip-6-encode,8,28.1893229985144,28.189803999993046
10000,compression,gzip-6-encode,9,27.830705002998002,27.831233000000566
10000,compression,gzip-6-encode,10,28.12927200284321,28.12977499999647
10000,compression,gzip-6-encode,11,28.1254019937478,28.12598900000296
10000,compression,gzip-6-encode,12,27.979909995337948,27.980425000009745
10000,compression,gzip-6-encode,13,27.908486998057924,27.901896000003035
10000,compression,gzip-6-encode,14,28.185770992422476,28.18654600000059
10000,compression,gzip-6-encode,15,28.116374000092037,28.116750999998885
10000,compression,gzip-6-encode,16,28.169031997094862,28.16934000000515
10000,compression,gzip-6-encode,17,28.198467000038363,28.198987000010334
10000,compression,gzip-6-encode,18,27.83140201063361,27.832166999999686
10000,compression,gzip-6-encode,19,28.232422002474777,28.232903000002807
10000,compression,gzip-6-decode,0,3.2980869873426855,3.299063999989471
10000,compression,gzip-6-decode,1,3.3322810049867257,3.3334879999955547
10000,compression,gzip-6-decode,2,3.307156002847478,3.3082059999998137
10000,compression,gzip-6-decode,3,3.2510270102648064,3.2522310000047128
10000,compression,gzip-6-decode,4,3.339293005410582,3.3406470000016952
10000,compression,gzip-6-decode,5,3.307980005047284,3.3091080000104967
10000,compression,gzip-6-decode,6,3.2269989897031337,3.2283569999975725
10000,compression,gzip-6-decode,7,3.2601830025669187,3.2615160000091237
10000,compression,gzip-6-decode,8,3.3080229914048687,3.309129000001576
10000,compression,gzip-6-decode,9,3.2501479872735217,3.251214999991703
10000,compression,gzip-6-decode,10,3.2302280014846474,3.231182000007493
10000,compression,gzip-6-decode,11,3.3378619991708547,3.3388619999925595
10000,compression,gzip-6-decode,12,3.3390389871783555,3.340467000001013
10000,compression,gzip-6-decode,13,3.2996289955917746,3.3007979999979398
10000,compression,gzip-6-decode,14,3.341229006764479,3.342237999987674
10000,compression,gzip-6-decode,15,3.3437280071666464,3.3448470000081443
10000,compression,gzip-6-decode,16,3.23988200398162,3.241118000005372
10000,compression,gzip-6-decode,17,3.3352030004607514,3.3365720000091414
10000,compression,gzip-6-decode,18,3.3115209953393787,3.312956000002032
10000,compression,gzip-6-decode,19,3.3977580023929477,3.399190999999746
10000,compression,gzip-9-encode,0,58.93648200435564,58.9381249999974
10000,compression,gzip-9-encode,1,59.211881991359405,59.21323299999415
10000,compression,gzip-9-encode,2,59.69543800165411,59.697513000003255
10000,compression,gzip-9-encode,3,62.698210997041315,62.70046999999579
10000,compression,gzip-9-encode,4,58.948519013938494,58.949264000005996
10000,compression,gzip-9-encode,5,59.16788199101575,59.169504999999845
10000,compression,gzip-9-encode,6,58.908059989335015,58.90921099999957
10000,compression,gzip-9-encode,7,59.37344300036784,59.37564100000259
10000,compression,gzip-9-encode,8,58.95274999784306,58.953612999999905
10000,compression,gzip-9-encode,9,59.1007759940112,59.10163400000101
10000,compression,gzip-9-encode,10,59.57444099476561,59.575211000009176
10000,compression,gzip-9-encode,11,58.99625500023831,58.99695300000474
10000,compression,gzip-9-encode,12,58.77917699399404,58.7799380000007
10000,compression,gzip-9-encode,13,58.87090500618797,58.87130300000365
10000,compression,gzip-9-encode,14,58.82581300102174,58.75550899999382
10000,compression,gzip-9-encode,15,57.6564579969272,57.657216000009726
10000,compression,gzip-9-encode,16,63.122480001766235,63.12333799999692
10000,compression,gzip-9-encode,17,64.79364799452014,64.79487400000039
10000,compression,gzip-9-encode,18,65.12687299982645,65.12770499999476
10000,compression,gzip-9-encode,19,65.8007029996952,65.80183299999476
10000,compression,gzip-9-decode,0,3.617667010985315,3.6185630000034053
10000,compression,gzip-9-decode,1,3.615819994593039,3.617239000007544
10000,compression,gzip-9-decode,2,3.6148869985481724,3.6159699999984696
10000,compression,gzip-9-decode,3,3.615177993196994,3.6161809999981642
10000,compression,gzip-9-decode,4,3.6278720072004944,3.628847000001656
10000,compression,gzip-9-decode,5,3.545112005667761,3.5464910000087
10000,compression,gzip-9-decode,6,3.621074996772222,3.6221059999945737
10000,compression,gzip-9-decode,7,3.745114998309873,3.7466249999908996
10000,compression,gzip-9-decode,8,3.6640210018958896,3.665131000005317
10000,compression,gzip-9-decode,9,3.651730003184639,3.6530109999972638
10000,compression,gzip-9-decode,10,3.6282170040067285,3.629293000003031
10000,compression,gzip-9-decode,11,3.648003999842331,3.6491569999981266
10000,compression,gzip-9-decode,12,3.621659998316318,3.6227330000002667
10000,compression,gzip-9-decode,13,3.681764006614685,3.682530000006068
10000,compression,gzip-9-decode,14,3.80569499975536,3.807379000008382
10000,compression,gzip-9-decode,15,3.6296250036684796,3.630590000000211
10000,compression,gzip-9-decode,16,3.7030139937996864,3.704107000004342
10000,compression,gzip-9-decode,17,3.6317729973234236,3.6328539999885834
10000,compression,gzip-9-decode,18,3.6118290008744225,3.6129730000027394
10000,compression,gzip-9-decode,19,3.6236189916962758,3.6246260000041275
10000,compression,brotli-4-encode,0,15.043553998111747,15.046140999999125
10000,compression,brotli-4-encode,1,15.545205998932943,15.547737999995093
10000,compression,brotli-4-encode,2,15.001603998825885,15.003813999996396
10000,compression,brotli-4-encode,3,15.309307986171916,15.311041999993336
10000,compression,brotli-4-encode,4,15.26828900387045,15.27072300000043
10000,compression,brotli-4-encode,5,14.96925498940982,14.971262000003094
10000,compression,brotli-4-encode,6,15.49295500444714,15.494896000006975
10000,compression,brotli-4-encode,7,15.113155008293688,15.1154699999978
10000,compression,brotli-4-encode,8,15.594066004268825,15.59677100000556
10000,compression,brotli-4-encode,9,15.203488990664482,15.205625000007217
10000,compression,brotli-4-encode,10,15.395922993775457,15.397784000001025
10000,compression,brotli-4-encode,11,15.03210399823729,15.034235000001672
10000,compression,brotli-4-encode,12,15.408806997584179,15.410586000001558
10000,compression,brotli-4-encode,13,15.10517300630454,15.107510000007096
10000,compression,brotli-4-encode,14,15.165593998972327,15.16830299999583
10000,compression,brotli-4-encode,15,15.440885006682947,15.442844000006062
10000,compression,brotli-4-encode,16,15.145611992920749,15.147747000000322
10000,compression,brotli-4-encode,17,15.431489999173209,15.43327999999633
10000,compression,brotli-4-encode,18,15.110869993804954,15.11283400000707
10000,compression,brotli-4-encode,19,15.462158000445925,15.464319000003002
10000,compression,brotli-4-decode,0,1.7873629985842854,1.7888650000088546
10000,compression,brotli-4-decode,1,1.7745219956850633,1.7756709999900977
10000,compression,brotli-4-decode,2,1.7766590026440099,1.778820999987829
10000,compression,brotli-4-decode,3,1.802441998734139,1.8047149999915746
10000,compression,brotli-4-decode,4,1.8401869892841205,1.8426409999960924
10000,compression,brotli-4-decode,5,1.774532996932976,1.7763979999898538
10000,compression,brotli-4-decode,6,1.7748019890859723,1.7759170000033464
10000,compression,brotli-4-decode,7,1.7889500013552606,1.7907960000087542
10000,compression,brotli-4-decode,8,1.7929210007423535,1.7944489999877078
10000,compression,brotli-4-decode,9,1.764783010003157,1.766503000013131
10000,compression,brotli-4-decode,10,1.779190992238,1.7808519999960026
10000,compression,brotli-4-decode,11,1.8694350001169369,1.870431999989819
10000,compression,brotli-4-decode,12,2.065135005977936,2.066267999992988
10000,compression,brotli-4-decode,13,1.9056059973081574,1.9069110000060618
10000,compression,brotli-4-decode,14,1.822856007493101,1.8245779999972456
10000,compression,brotli-4-decode,15,1.789950008969754,1.7917699999969727
10000,compression,brotli-4-decode,16,1.7921319958986714,1.7939489999889702
10000,compression,brotli-4-decode,17,1.8104629998560995,1.8119110000043293
10000,compression,brotli-4-decode,18,1.8054270040011033,1.8065200000023651
10000,compression,brotli-4-decode,19,1.7737949965521693,1.7751230000015994
10000,compression,brotli-6-encode,0,38.784470001701266,38.77995199999873
10000,compression,brotli-6-encode,1,38.960365011007525,38.96270199999208
10000,compression,brotli-6-encode,2,39.096594002330676,39.098715999998035
10000,compression,brotli-6-encode,3,38.859305990627035,38.86197600000685
10000,compression,brotli-6-encode,4,39.36812898609787,39.37097399999345
10000,compression,brotli-6-encode,5,39.094934007152915,39.09672499999317
10000,compression,brotli-6-encode,6,38.97542400227394,38.97812799999656
10000,compression,brotli-6-encode,7,38.81923398876097,38.821206999998026
10000,compression,brotli-6-encode,8,38.77062100218609,38.77378800000031
10000,compression,brotli-6-encode,9,38.76290100743063,38.76492699998835
10000,compression,brotli-6-encode,10,38.736795002478175,38.73862000000372
10000,compression,brotli-6-encode,11,38.9209159911843,38.92391300000497
10000,compression,brotli-6-encode,12,39.160941989393905,39.1632980000054
10000,compression,brotli-6-encode,13,39.07459499896504,39.07686999998816
10000,compression,brotli-6-encode,14,39.074860003893264,39.07631199999173
10000,compression,brotli-6-encode,15,38.75050900387578,38.752342999998746
10000,compression,brotli-6-encode,16,38.66532399842981,38.66808600000127
10000,compression,brotli-6-encode,17,38.89254700334277,38.89479100000415
10000,compression,brotli-6-encode,18,38.7212059868034,38.7141190000051
10000,compression,brotli-6-encode,19,39.12032900552731,39.12317099999996
10000,compression,brotli-6-decode,0,1.9774889951804653,1.978913999991505
10000,compression,brotli-6-decode,1,1.9384110055398196,1.9395410000129232
10000,compression,brotli-6-decode,2,1.9347830093465745,1.9360640000058993
10000,compression,brotli-6-decode,3,1.9586990092648193,1.9597569999945108
10000,compression,brotli-6-decode,4,1.9265200098743662,1.9279600000032815
10000,compression,brotli-6-decode,5,1.9248159951530397,1.9261599999964574
10000,compression,brotli-6-decode,6,1.9273699872428551,1.9286219999941068
10000,compression,brotli-6-decode,7,1.9084579980699345,1.9097849999951677
10000,compression,brotli-6-decode,8,1.9390620000194758,1.9400460000014164
10000,compression,brotli-6-decode,9,1.8701749941101298,1.8713030000014896
10000,compression,brotli-6-decode,10,2.0345349912531674,2.0357559999979458
10000,compression,brotli-6-decode,11,1.9502650102367625,1.951884999996878
10000,compression,brotli-6-decode,12,1.8969899974763393,1.8981070000023692
10000,compression,brotli-6-decode,13,1.910755003336817,1.9121809999944617
10000,compression,brotli-6-decode,14,1.9048109970754012,1.9060110000026498
10000,compression,brotli-6-decode,15,1.9266290037194267,1.9281520000049568
10000,compression,brotli-6-decode,16,1.9113840098725632,1.9130250000074511
10000,compression,brotli-6-decode,17,1.9225019932491705,1.923910000002138
10000,compression,brotli-6-decode,18,1.9031289994018152,1.9043060000001333
10000,compression,brotli-6-decode,19,1.9011399999726564,1.9027919999956566
10000,compression,brotli-9-encode,0,64.8467690043617,64.84220500000504
10000,compression,brotli-9-encode,1,65.12615599785931,65.12866799999983
10000,compression,brotli-9-encode,2,64.64504300674889,64.63784299999986
10000,compression,brotli-9-encode,3,64.38825800432824,64.39042499999914
10000,compression,brotli-9-encode,4,64.87319599546026,64.8754780000047
10000,compression,brotli-9-encode,5,64.94350799766835,64.86304999999959
10000,compression,brotli-9-encode,6,64.62450700928457,64.6271119999966
10000,compression,brotli-9-encode,7,64.71287200110964,64.7152190000071
10000,compression,brotli-9-encode,8,64.242861000821,64.24520800000266
10000,compression,brotli-9-encode,9,64.86477999715135,64.85999999999592
10000,compression,brotli-9-encode,10,64.67948800127488,64.68144499999084
10000,compression,brotli-9-encode,11,64.69129701144993,64.69381700000554
10000,compression,brotli-9-encode,12,64.74193099711556,64.74442099998612
10000,compression,brotli-9-encode,13,64.65391800156794,64.65618199999312
10000,compression,brotli-9-encode,14,64.7288740001386,64.73151900000573
10000,compression,brotli-9-encode,15,64.76708300760947,64.76264899998796
10000,compression,brotli-9-encode,16,64.66844299575314,64.67058100000145
10000,compression,brotli-9-encode,17,64.80845900659915,64.8108639999947
10000,compression,brotli-9-encode,18,64.68679099634755,64.68884400000263
10000,compression,brotli-9-encode,19,64.5382679940667,64.53981499998918
10000,compression,brotli-9-decode,0,1.9530459976522252,1.954937000007817
10000,compression,brotli-9-decode,1,1.9197189976694062,1.921468999995568
10000,compression,brotli-9-decode,2,1.9030359981115907,1.9045429999948738
10000,compression,brotli-9-decode,3,1.916167006129399,1.9176870000023882
10000,compression,brotli-9-decode,4,1.9655270007206127,1.966788999993696
10000,compression,brotli-9-decode,5,2.1086570050101727,2.1109710000075665
10000,compression,brotli-9-decode,6,2.0574689988279715,2.059453000001099
10000,compression,brotli-9-decode,7,2.016202997765504,2.017641999998432
10000,compression,brotli-9-decode,8,1.957957007107325,1.9593369999881816
10000,compression,brotli-9-decode,9,1.9449889950919896,1.9462879999991856
10000,compression,brotli-9-decode,10,1.9462870113784447,1.9475329999920632
10000,compression,brotli-9-decode,11,1.9478689937386662,1.9493790000097988
10000,compression,brotli-9-decode,12,1.9425620121182874,1.9438740000055077
10000,compression,brotli-9-decode,13,1.9369429937796667,1.938287999990962
10000,compression,brotli-9-decode,14,1.9292630022391677,1.9306060000019443
10000,compression,brotli-9-decode,15,1.962300986633636,1.963982000006581
10000,compression,brotli-9-decode,16,2.0917869987897575,2.093086000002131
10000,compression,brotli-9-decode,17,2.012330005527474,2.0139299999897275
10000,compression,brotli-9-decode,18,1.9517219916451722,1.9530160000016394
10000,compression,brotli-9-decode,19,1.9397420110180974,1.9416039999953227
heavy600,backend,route,0,394.2776350013446,394.3593770000007
heavy600,backend,route,1,396.8892200064147,396.93223599999783
heavy600,backend,route,2,404.04994900745805,395.9290940000102
heavy600,backend,route,3,377.5962799991248,377.5811329999925
heavy600,backend,route,4,416.0126089991536,415.8743179999931
heavy600,backend,route,5,383.527079000487,374.7489379999962
heavy600,backend,route,6,437.2532950073946,437.27254600000265
heavy600,backend,route,7,449.4381710101152,440.75376600000027
heavy600,backend,route,8,440.58698299340904,440.5214280000109
heavy600,backend,route,9,446.88425899948925,437.31761699999083
heavy600,backend,route,10,393.5658889968181,393.54024200000026
heavy600,backend,route,11,485.64247200556565,485.48042200000907
heavy600,backend,route,12,440.97320300352294,432.34953399999654
heavy600,backend,route,13,439.49291099852417,439.37968100000546
heavy600,backend,route,14,382.1199640078703,374.5131099999952
heavy600,backend,route,15,482.37872499157675,482.30417099999556
heavy600,backend,route,16,406.51574899675325,398.1987100000026
heavy600,backend,route,17,485.91160999785643,485.94815799999935
heavy600,backend,route,18,499.5194710063515,491.3601829999976
heavy600,backend,route,19,492.83490898960736,492.80210199999885
heavy600,backend_inclusive,export_snapshot_from_connection,0,77.85759000398684,
heavy600,backend_inclusive,export_snapshot_from_connection,1,79.09883999673184,
heavy600,backend_inclusive,export_snapshot_from_connection,2,78.34197400370613,
heavy600,backend_inclusive,export_snapshot_from_connection,3,74.79825400514528,
heavy600,backend_inclusive,export_snapshot_from_connection,4,78.24302300286945,
heavy600,backend_inclusive,export_snapshot_from_connection,5,74.36061699991114,
heavy600,backend_inclusive,export_snapshot_from_connection,6,85.9012069995515,
heavy600,backend_inclusive,export_snapshot_from_connection,7,87.43072100332938,
heavy600,backend_inclusive,export_snapshot_from_connection,8,88.67974700115155,
heavy600,backend_inclusive,export_snapshot_from_connection,9,86.92846300255042,
heavy600,backend_inclusive,export_snapshot_from_connection,10,93.90991600230336,
heavy600,backend_inclusive,export_snapshot_from_connection,11,93.69710199825931,
heavy600,backend_inclusive,export_snapshot_from_connection,12,82.73249499325175,
heavy600,backend_inclusive,export_snapshot_from_connection,13,88.6006690125214,
heavy600,backend_inclusive,export_snapshot_from_connection,14,75.34043800842483,
heavy600,backend_inclusive,export_snapshot_from_connection,15,91.57351999601815,
heavy600,backend_inclusive,export_snapshot_from_connection,16,74.94151499122381,
heavy600,backend_inclusive,export_snapshot_from_connection,17,91.81918000103906,
heavy600,backend_inclusive,export_snapshot_from_connection,18,97.38381601346191,
heavy600,backend_inclusive,export_snapshot_from_connection,19,99.37662299489602,
heavy600,backend_inclusive,_construct,0,317.1421049919445,
heavy600,backend_inclusive,_construct,1,320.1899470004719,
heavy600,backend_inclusive,_construct,2,319.21494899143,
heavy600,backend_inclusive,_construct,3,304.5272299932549,
heavy600,backend_inclusive,_construct,4,338.26123799372,
heavy600,backend_inclusive,_construct,5,300.5878620024305,
heavy600,backend_inclusive,_construct,6,352.2966190066654,
heavy600,backend_inclusive,_construct,7,355.8317610004451,
heavy600,backend_inclusive,_construct,8,355.8672960061813,
heavy600,backend_inclusive,_construct,9,352.7726520114811,
heavy600,backend_inclusive,_construct,10,319.93289600359276,
heavy600,backend_inclusive,_construct,11,390.5324780062074,
heavy600,backend_inclusive,_construct,12,346.69390600174665,
heavy600,backend_inclusive,_construct,13,354.4427099986933,
heavy600,backend_inclusive,_construct,14,301.40453499916475,
heavy600,backend_inclusive,_construct,15,388.0923639953835,
heavy600,backend_inclusive,_construct,16,305.11220000335015,
heavy600,backend_inclusive,_construct,17,390.6671760050813,
heavy600,backend_inclusive,_construct,18,396.8856900028186,
heavy600,backend_inclusive,_construct,19,397.9009600006975,
heavy600,backend_inclusive,json_render,0,13.773864004178904,
heavy600,backend_inclusive,json_render,1,13.78755499899853,
heavy600,backend_inclusive,json_render,2,13.7511020002421,
heavy600,backend_inclusive,json_render,3,12.993081007152796,
heavy600,backend_inclusive,json_render,4,14.02170499204658,
heavy600,backend_inclusive,json_render,5,12.803170990082435,
heavy600,backend_inclusive,json_render,6,15.468394994968548,
heavy600,backend_inclusive,json_render,7,15.435640001669526,
heavy600,backend_inclusive,json_render,8,15.39438299369067,
heavy600,backend_inclusive,json_render,9,15.368595006293617,
heavy600,backend_inclusive,json_render,10,12.761752994265407,
heavy600,backend_inclusive,json_render,11,17.391867993865162,
heavy600,backend_inclusive,json_render,12,15.445589000592008,
heavy600,backend_inclusive,json_render,13,15.437878988450393,
heavy600,backend_inclusive,json_render,14,12.971318006748334,
heavy600,backend_inclusive,json_render,15,17.42500100226607,
heavy600,backend_inclusive,json_render,16,13.41978000709787,
heavy600,backend_inclusive,json_render,17,17.648494002060033,
heavy600,backend_inclusive,json_render,18,17.323486012173817,
heavy600,backend_inclusive,json_render,19,17.390426000929438,
heavy600,backend_inclusive,_terminal_guard,0,0.8887650037650019,
heavy600,backend_inclusive,_terminal_guard,1,0.8157679985743016,
heavy600,backend_inclusive,_terminal_guard,2,0.8135990065056831,
heavy600,backend_inclusive,_terminal_guard,3,0.7878799951868132,
heavy600,backend_inclusive,_terminal_guard,4,0.8262290066340938,
heavy600,backend_inclusive,_terminal_guard,5,0.7978339999681339,
heavy600,backend_inclusive,_terminal_guard,6,0.9197219915222377,
heavy600,backend_inclusive,_terminal_guard,7,0.9309550077887252,
heavy600,backend_inclusive,_terminal_guard,8,0.9035789989866316,
heavy600,backend_inclusive,_terminal_guard,9,0.9046810009749606,
heavy600,backend_inclusive,_terminal_guard,10,0.8678510057507083,
heavy600,backend_inclusive,_terminal_guard,11,1.0214409994659945,
heavy600,backend_inclusive,_terminal_guard,12,0.9097709989873692,
heavy600,backend_inclusive,_terminal_guard,13,0.9101220057345927,
heavy600,backend_inclusive,_terminal_guard,14,0.8674599957885221,
heavy600,backend_inclusive,_terminal_guard,15,1.0157210053876042,
heavy600,backend_inclusive,_terminal_guard,16,0.8136539981933311,
heavy600,backend_inclusive,_terminal_guard,17,1.0003000061260536,
heavy600,backend_inclusive,_terminal_guard,18,1.023759992676787,
heavy600,backend_inclusive,_terminal_guard,19,1.0272689978592098,
heavy600,backend_inclusive,_prepare,0,70.9392279968597,
heavy600,backend_inclusive,_prepare,1,70.78564900439233,
heavy600,backend_inclusive,_prepare,2,70.66733099054545,
heavy600,backend_inclusive,_prepare,3,67.01406200591009,
heavy600,backend_inclusive,_prepare,4,71.44788499863353,
heavy600,backend_inclusive,_prepare,5,67.84462899668142,
heavy600,backend_inclusive,_prepare,6,78.70708200789522,
heavy600,backend_inclusive,_prepare,7,78.57520600373391,
heavy600,backend_inclusive,_prepare,8,78.58275399485137,
heavy600,backend_inclusive,_prepare,9,78.04833201225847,
heavy600,backend_inclusive,_prepare,10,67.16014299308881,
heavy600,backend_inclusive,_prepare,11,88.41572600067593,
heavy600,backend_inclusive,_prepare,12,78.94914600183256,
heavy600,backend_inclusive,_prepare,13,78.6569929914549,
heavy600,backend_inclusive,_prepare,14,66.72414501372259,
heavy600,backend_inclusive,_prepare,15,87.63739600544795,
heavy600,backend_inclusive,_prepare,16,86.68911601125728,
heavy600,backend_inclusive,_prepare,17,88.85516600275878,
heavy600,backend_inclusive,_prepare,18,87.7416169969365,
heavy600,backend_inclusive,_prepare,19,88.17279500362929,
heavy600,compression,gzip-1-encode,0,4.075696997460909,4.075985999989484
heavy600,compression,gzip-1-encode,1,4.050505987834185,4.050816999992435
heavy600,compression,gzip-1-encode,2,4.085001986823045,4.0856730000058405
heavy600,compression,gzip-1-encode,3,4.077247998793609,4.077524000010158
heavy600,compression,gzip-1-encode,4,4.081024002516642,4.081299999995736
heavy600,compression,gzip-1-encode,5,4.347281996160746,4.34751000000233
heavy600,compression,gzip-1-encode,6,4.056108999066055,4.030636999999615
heavy600,compression,gzip-1-encode,7,4.027643997687846,4.027901999990036
heavy600,compression,gzip-1-encode,8,4.02214600762818,4.022364999997308
heavy600,compression,gzip-1-encode,9,4.123114005778916,4.123751999998149
heavy600,compression,gzip-1-encode,10,4.05401700118091,4.047143000008191
heavy600,compression,gzip-1-encode,11,4.075484001077712,4.075732000003995
heavy600,compression,gzip-1-encode,12,4.076626006281003,4.07687899999587
heavy600,compression,gzip-1-encode,13,4.214465006953105,4.214730000001055
heavy600,compression,gzip-1-encode,14,4.043837005156092,4.044155999991972
heavy600,compression,gzip-1-encode,15,4.005318012787029,4.005788999990045
heavy600,compression,gzip-1-encode,16,4.062338994117454,4.062619999999129
heavy600,compression,gzip-1-encode,17,4.126545012695715,4.126814999992234
heavy600,compression,gzip-1-encode,18,4.07856899255421,4.078798999998412
heavy600,compression,gzip-1-encode,19,4.073477990459651,4.073718000000781
heavy600,compression,gzip-1-decode,0,1.087999000446871,1.0885279999968134
heavy600,compression,gzip-1-decode,1,1.098752996767871,1.0996109999865666
heavy600,compression,gzip-1-decode,2,1.0851810075109825,1.0856349999954773
heavy600,compression,gzip-1-decode,3,1.1526229936862364,1.1530919999955813
heavy600,compression,gzip-1-decode,4,1.1385659890947863,1.1389739999998483
heavy600,compression,gzip-1-decode,5,1.1181489971932024,1.1184670000119468
heavy600,compression,gzip-1-decode,6,1.0804439953062683,1.0807519999929127
heavy600,compression,gzip-1-decode,7,1.0595229978207499,1.0597710000013194
heavy600,compression,gzip-1-decode,8,1.0437720047775656,1.044046000004073
heavy600,compression,gzip-1-decode,9,1.0448840039316565,1.045134999998254
heavy600,compression,gzip-1-decode,10,1.0812449909280986,1.0815520000022616
heavy600,compression,gzip-1-decode,11,1.0976129997288808,1.097941000011815
heavy600,compression,gzip-1-decode,12,1.100765002775006,1.1011849999960077
heavy600,compression,gzip-1-decode,13,1.1005059932358563,1.1037010000052305
heavy600,compression,gzip-1-decode,14,1.0722219885792583,1.072458999999526
heavy600,compression,gzip-1-decode,15,1.1093299981439486,1.1096599999973478
heavy600,compression,gzip-1-decode,16,1.0865580115932971,1.0868509999966136
heavy600,compression,gzip-1-decode,17,1.069171994458884,1.0694030000024668
heavy600,compression,gzip-1-decode,18,1.0706260072765872,1.0709019999950442
heavy600,compression,gzip-1-decode,19,1.071567996405065,1.0718560000100297
heavy600,compression,gzip-6-encode,0,9.08620998961851,9.086775999989527
heavy600,compression,gzip-6-encode,1,8.910990000003949,8.911287000003654
heavy600,compression,gzip-6-encode,2,9.108087993809022,9.108321999988789
heavy600,compression,gzip-6-encode,3,8.824350996292196,8.8245459999996
heavy600,compression,gzip-6-encode,4,9.00801899842918,9.008221000001981
heavy600,compression,gzip-6-encode,5,8.906121991458349,8.906312999997112
heavy600,compression,gzip-6-encode,6,9.050811000633985,9.051259000003142
heavy600,compression,gzip-6-encode,7,8.99558499804698,8.995794000000501
heavy600,compression,gzip-6-encode,8,9.070952990441583,9.071241000000896
heavy600,compression,gzip-6-encode,9,8.986132001155056,8.986387999996737
heavy600,compression,gzip-6-encode,10,9.393924003234133,9.394403999991141
heavy600,compression,gzip-6-encode,11,8.947919006459415,8.948462999995854
heavy600,compression,gzip-6-encode,12,9.103517993935384,9.103828999997177
heavy600,compression,gzip-6-encode,13,8.962392996181734,8.962593999996216
heavy600,compression,gzip-6-encode,14,9.00587800424546,9.006162999995126
heavy600,compression,gzip-6-encode,15,9.001315003843047,9.001596999993922
heavy600,compression,gzip-6-encode,16,9.304794002673589,9.305087999990747
heavy600,compression,gzip-6-encode,17,8.937603008234873,8.937900000006493
heavy600,compression,gzip-6-encode,18,9.04835999244824,9.048559999996542
heavy600,compression,gzip-6-encode,19,8.922063003410585,8.922343999998361
heavy600,compression,gzip-6-decode,0,1.0463140060892329,1.0466340000050423
heavy600,compression,gzip-6-decode,1,1.0576779895927757,1.0584790000081057
heavy600,compression,gzip-6-decode,2,1.284739002585411,1.2851930000010725
heavy600,compression,gzip-6-decode,3,1.0155769996345043,1.0159839999914766
heavy600,compression,gzip-6-decode,4,1.01120000181254,1.0115239999919368
heavy600,compression,gzip-6-decode,5,1.0861160117201507,1.0867179999962673
heavy600,compression,gzip-6-decode,6,1.037350986734964,1.0377119999986917
heavy600,compression,gzip-6-decode,7,1.0326259944122285,1.033006000000114
heavy600,compression,gzip-6-decode,8,1.0337220010114834,1.034031999992635
heavy600,compression,gzip-6-decode,9,1.0304159950464964,1.030724000003147
heavy600,compression,gzip-6-decode,10,1.0381769970990717,1.0384389999984478
heavy600,compression,gzip-6-decode,11,1.0503999947104603,1.050750000004541
heavy600,compression,gzip-6-decode,12,1.0385049972683191,1.0387930000064216
heavy600,compression,gzip-6-decode,13,1.034472996252589,1.0346990000016376
heavy600,compression,gzip-6-decode,14,1.0369440133217722,1.0371870000085437
heavy600,compression,gzip-6-decode,15,1.0311530058970675,1.0314429999880304
heavy600,compression,gzip-6-decode,16,1.0332899983040988,1.0335340000011684
heavy600,compression,gzip-6-decode,17,1.1118550028186291,1.1125460000016574
heavy600,compression,gzip-6-decode,18,1.0795550042530522,1.0799270000063643
heavy600,compression,gzip-6-decode,19,1.0319640132365748,1.0322189999953935
heavy600,compression,gzip-9-encode,0,15.296340992790647,15.292852000001744
heavy600,compression,gzip-9-encode,1,14.93830099934712,14.938616999998544
heavy600,compression,gzip-9-encode,2,15.62945700425189,15.62993399998902
heavy600,compression,gzip-9-encode,3,14.647654999862425,14.648188999998979
heavy600,compression,gzip-9-encode,4,15.851199001190253,15.851453999999876
heavy600,compression,gzip-9-encode,5,14.510015986161307,14.510259999994446
heavy600,compression,gzip-9-encode,6,15.609613998094574,15.609882999996216
heavy600,compression,gzip-9-encode,7,14.85445500293281,14.854730000010363
heavy600,compression,gzip-9-encode,8,15.582319989334792,15.582485999999562
heavy600,compression,gzip-9-encode,9,14.771721995202824,14.772369000013441
heavy600,compression,gzip-9-encode,10,15.274443998350762,15.274873000009848
heavy600,compression,gzip-9-encode,11,14.762406004592776,14.762543999992772
heavy600,compression,gzip-9-encode,12,15.294575001462363,15.295061999992754
heavy600,compression,gzip-9-encode,13,15.016987003036775,15.017186999997989
heavy600,compression,gzip-9-encode,14,15.211147998343222,15.211305999997649
heavy600,compression,gzip-9-encode,15,15.206627998850308,15.207053000011683
heavy600,compression,gzip-9-encode,16,15.266597009031102,15.267054999995366
heavy600,compression,gzip-9-encode,17,15.285804998711683,15.286028000005558
heavy600,compression,gzip-9-encode,18,15.117764996830374,15.117945000000077
heavy600,compression,gzip-9-encode,19,14.890674006892368,14.890961000006087
heavy600,compression,gzip-9-decode,0,1.0242260032100603,1.024473999990505
heavy600,compression,gzip-9-decode,1,1.0060680069727823,1.0063240000022233
heavy600,compression,gzip-9-decode,2,1.0097179911099374,1.009996000007618
heavy600,compression,gzip-9-decode,3,1.0174000053666532,1.017824999991035
heavy600,compression,gzip-9-decode,4,1.0703569860197604,1.0710019999891074
heavy600,compression,gzip-9-decode,5,1.0346019989810884,1.0349150000052987
heavy600,compression,gzip-9-decode,6,1.0317560081603006,1.0320089999993343
heavy600,compression,gzip-9-decode,7,1.0309469944331795,1.0311639999969202
heavy600,compression,gzip-9-decode,8,1.0297370026819408,1.029979000009007
heavy600,compression,gzip-9-decode,9,1.0290920035913587,1.029364000004307
heavy600,compression,gzip-9-decode,10,1.0292549995938316,1.029531000000361
heavy600,compression,gzip-9-decode,11,1.029197999741882,1.0294669999950656
heavy600,compression,gzip-9-decode,12,1.0528549901209772,1.0532409999939318
heavy600,compression,gzip-9-decode,13,1.0565109987510368,1.0567709999946828
heavy600,compression,gzip-9-decode,14,1.0575179912848398,1.0578219999928251
heavy600,compression,gzip-9-decode,15,1.0583800030872226,1.0586859999932585
heavy600,compression,gzip-9-decode,16,1.058677997207269,1.0589530000117975
heavy600,compression,gzip-9-decode,17,1.0549449943937361,1.0553779999895596
heavy600,compression,gzip-9-decode,18,1.03108499024529,1.0313690000032238
heavy600,compression,gzip-9-decode,19,1.0267120087519288,1.0270020000007207
heavy600,compression,brotli-4-encode,0,4.0392489900114015,4.041356000001883
heavy600,compression,brotli-4-encode,1,4.040273008286022,4.042939000001411
heavy600,compression,brotli-4-encode,2,4.067023008246906,4.069854999997347
heavy600,compression,brotli-4-encode,3,4.102505001355894,4.105094999999892
heavy600,compression,brotli-4-encode,4,4.090934002306312,4.094514000001936
heavy600,compression,brotli-4-encode,5,4.045331996167079,4.04739899998674
heavy600,compression,brotli-4-encode,6,4.38063898764085,4.3838120000003755
heavy600,compression,brotli-4-encode,7,4.196180001599714,4.198348999992163
heavy600,compression,brotli-4-encode,8,4.09129899344407,4.094015999996259
heavy600,compression,brotli-4-encode,9,3.9745899994159117,3.977886000001263
heavy600,compression,brotli-4-encode,10,4.0314639918506145,4.034431000007999
heavy600,compression,brotli-4-encode,11,4.246602999046445,4.249262000001863
heavy600,compression,brotli-4-encode,12,4.070238006534055,4.071980999995617
heavy600,compression,brotli-4-encode,13,4.010698990896344,4.013155999999185
heavy600,compression,brotli-4-encode,14,4.452202992979437,4.455075999999281
heavy600,compression,brotli-4-encode,15,4.085316002601758,4.087599000001774
heavy600,compression,brotli-4-encode,16,4.0144970116671175,4.018352999992203
heavy600,compression,brotli-4-encode,17,4.023554996820167,4.026504999998792
heavy600,compression,brotli-4-encode,18,4.0070859977277,4.010055999998485
heavy600,compression,brotli-4-encode,19,3.9906210004119202,3.993284999992852
heavy600,compression,brotli-4-decode,0,0.4356680001365021,0.43596400000467384
heavy600,compression,brotli-4-decode,1,0.4454580048331991,0.4460770000065395
heavy600,compression,brotli-4-decode,2,0.43468098738230765,0.4350100000038992
heavy600,compression,brotli-4-decode,3,0.44388700916897506,0.44425100000466955
heavy600,compression,brotli-4-decode,4,0.436073009041138,0.43640999999183805
heavy600,compression,brotli-4-decode,5,0.44161999539937824,0.4421459999974786
heavy600,compression,brotli-4-decode,6,0.45687900274060667,0.4574080000026015
heavy600,compression,brotli-4-decode,7,0.44845401134807616,0.44898599999498856
heavy600,compression,brotli-4-decode,8,0.46228599967435,0.46274999999695865
heavy600,compression,brotli-4-decode,9,0.43701499816961586,0.4374199999972461
heavy600,compression,brotli-4-decode,10,0.4381199978524819,0.43843199999571425
heavy600,compression,brotli-4-decode,11,0.4364100022939965,0.43683199999122735
heavy600,compression,brotli-4-decode,12,0.4369029920781031,0.4371750000018437
heavy600,compression,brotli-4-decode,13,0.4594130004988983,0.45991300000025603
heavy600,compression,brotli-4-decode,14,0.45053100620862097,0.45074300000180756
heavy600,compression,brotli-4-decode,15,0.44830801198258996,0.4487240000088377
heavy600,compression,brotli-4-decode,16,0.4445249942364171,0.4448529999905304
heavy600,compression,brotli-4-decode,17,0.4558849905151874,0.45658000000514676
heavy600,compression,brotli-4-decode,18,0.4533140017883852,0.4537559999988616
heavy600,compression,brotli-4-decode,19,0.47365300997626036,0.4742710000016359
heavy600,compression,brotli-6-encode,0,8.749618995352648,8.751873000008459
heavy600,compression,brotli-6-encode,1,8.4223730082158,8.424265999991576
heavy600,compression,brotli-6-encode,2,8.426248998148367,8.427741999994964
heavy600,compression,brotli-6-encode,3,8.515740992152132,8.517511999997396
heavy600,compression,brotli-6-encode,4,8.60446500882972,8.606435999993778
heavy600,compression,brotli-6-encode,5,8.496130001731217,8.497678999987102
heavy600,compression,brotli-6-encode,6,8.459839998977259,8.461487000005263
heavy600,compression,brotli-6-encode,7,8.40755800891202,8.409125000000017
heavy600,compression,brotli-6-encode,8,8.65707099728752,8.658767999989436
heavy600,compression,brotli-6-encode,9,8.59280199802015,8.594591000004925
heavy600,compression,brotli-6-encode,10,8.504052995704114,8.50580400000922
heavy600,compression,brotli-6-encode,11,8.52829399809707,8.529631999991238
heavy600,compression,brotli-6-encode,12,8.689826005138457,8.692093999997041
heavy600,compression,brotli-6-encode,13,8.449942994047888,8.451246999996442
heavy600,compression,brotli-6-encode,14,8.377481994102709,8.379043000005026
heavy600,compression,brotli-6-encode,15,8.540975992218591,8.541991999990728
heavy600,compression,brotli-6-encode,16,8.638233004603535,8.639896000005365
heavy600,compression,brotli-6-encode,17,8.39388300664723,8.396024000006719
heavy600,compression,brotli-6-encode,18,8.497535003698431,8.498981999991884
heavy600,compression,brotli-6-encode,19,8.44092400802765,8.44214100000329
heavy600,compression,brotli-6-decode,0,0.5816409975523129,0.5824299999943605
heavy600,compression,brotli-6-decode,1,0.6289570010267198,0.6300449999940838
heavy600,compression,brotli-6-decode,2,0.6128189997980371,0.6134270000046627
heavy600,compression,brotli-6-decode,3,0.6418779958039522,0.6424019999968777
heavy600,compression,brotli-6-decode,4,0.5930230108788237,0.5933959999993021
heavy600,compression,brotli-6-decode,5,0.563768990105018,0.5644729999971787
heavy600,compression,brotli-6-decode,6,0.5571500078076497,0.557563999990407
heavy600,compression,brotli-6-decode,7,0.5644330085488036,0.564949999997566
heavy600,compression,brotli-6-decode,8,0.5542500002775341,0.5548090000075945
heavy600,compression,brotli-6-decode,9,0.5610539956251159,0.5618550000008327
heavy600,compression,brotli-6-decode,10,0.5515999946510419,0.55196799999635
heavy600,compression,brotli-6-decode,11,0.5575019895331934,0.5581010000099695
heavy600,compression,brotli-6-decode,12,0.5523050058400258,0.5526890000027151
heavy600,compression,brotli-6-decode,13,0.5364259995985776,0.5369680000057997
heavy600,compression,brotli-6-decode,14,0.507087999721989,0.5074000000035994
heavy600,compression,brotli-6-decode,15,0.5205479974392802,0.5212069999913638
heavy600,compression,brotli-6-decode,16,0.5058730021119118,0.5061840000024631
heavy600,compression,brotli-6-decode,17,0.5207179929129779,0.5215449999980137
heavy600,compression,brotli-6-decode,18,0.5056749942013994,0.5059810000034304
heavy600,compression,brotli-6-decode,19,0.5767130060121417,0.578046000001109
heavy600,compression,brotli-9-encode,0,14.989830990089104,14.99140100000318
heavy600,compression,brotli-9-encode,1,14.350355995702557,14.351700999995387
heavy600,compression,brotli-9-encode,2,14.352774000144564,14.354572000002008
heavy600,compression,brotli-9-encode,3,14.78150200273376,14.783739999998602
heavy600,compression,brotli-9-encode,4,14.577656998881139,14.579271000002336
heavy600,compression,brotli-9-encode,5,14.83301300322637,14.83557899999255
heavy600,compression,brotli-9-encode,6,14.362514004460536,14.36390499999618
heavy600,compression,brotli-9-encode,7,14.796269999351352,14.797862999998301
heavy600,compression,brotli-9-encode,8,14.278606002335437,14.280036000002383
heavy600,compression,brotli-9-encode,9,14.675521000754088,14.677292000001785
heavy600,compression,brotli-9-encode,10,15.078812997671776,15.080538999995952
heavy600,compression,brotli-9-encode,11,14.259998992201872,14.261403000006112
heavy600,compression,brotli-9-encode,12,14.691457006847486,14.69328999999675
heavy600,compression,brotli-9-encode,13,14.574389992048964,14.575682000000256
heavy600,compression,brotli-9-encode,14,14.838700997643173,14.840632000002074
heavy600,compression,brotli-9-encode,15,14.611414997489192,14.612980999999081
heavy600,compression,brotli-9-encode,16,14.812599998549558,14.813947999996913
heavy600,compression,brotli-9-encode,17,14.614110012189485,14.615865999999755
heavy600,compression,brotli-9-encode,18,14.456056000199169,14.457394000004342
heavy600,compression,brotli-9-encode,19,15.78781398711726,15.789440999995463
heavy600,compression,brotli-9-decode,0,0.5176970007596537,0.518030000009162
heavy600,compression,brotli-9-decode,1,0.522666989127174,0.5232379999995374
heavy600,compression,brotli-9-decode,2,0.5162320012459531,0.516567999994777
heavy600,compression,brotli-9-decode,3,0.5496319936355576,0.5500839999967866
heavy600,compression,brotli-9-decode,4,0.5246950022410601,0.5249459999987494
heavy600,compression,brotli-9-decode,5,0.5389939906308427,0.5393779999991466
heavy600,compression,brotli-9-decode,6,0.5093460058560595,0.5096289999926285
heavy600,compression,brotli-9-decode,7,0.5220829916652292,0.5224619999921742
heavy600,compression,brotli-9-decode,8,0.5614209949271753,0.5620120000031648
heavy600,compression,brotli-9-decode,9,0.5204330082051456,0.5208580000015672
heavy600,compression,brotli-9-decode,10,0.5112770013511181,0.511720999995191
heavy600,compression,brotli-9-decode,11,0.5295360024319962,0.5300499999947306
heavy600,compression,brotli-9-decode,12,0.5377869965741411,0.5383289999940644
heavy600,compression,brotli-9-decode,13,0.5502419953700155,0.5506010000004835
heavy600,compression,brotli-9-decode,14,0.5365769902709872,0.5370489999876327
heavy600,compression,brotli-9-decode,15,0.5214650009293109,0.5218519999914406
heavy600,compression,brotli-9-decode,16,0.5092680075904354,0.5095750000094768
heavy600,compression,brotli-9-decode,17,0.5235529970377684,0.524003000009543
heavy600,compression,brotli-9-decode,18,0.5107080069137737,0.5110150000007252
heavy600,compression,brotli-9-decode,19,0.5396140040829778,0.5405550000006087
varied10000,backend,route,0,1463.9427020010771,1455.729204000008
varied10000,backend,route,1,1503.1687509908807,1494.4738840000014
varied10000,backend,route,2,1664.2649499990512,1656.4935809999924
varied10000,backend,route,3,1524.1765520040644,1515.2242759999979
varied10000,backend,route,4,1676.466953009367,1668.5021050000018
varied10000,backend,route,5,1666.574164002668,1658.6630380000001
varied10000,backend,route,6,1524.886396000511,1516.551614000008
varied10000,backend,route,7,1436.6275359934662,1428.6499849999927
varied10000,backend,route,8,1775.3392360027647,1773.1531940000025
varied10000,backend,route,9,1452.6212170021608,1443.9634590000026
varied10000,backend,route,10,1780.1841540058376,1771.0963619999802
varied10000,backend,route,11,1791.7254760104697,1783.5351989999992
varied10000,backend,route,12,1676.302827996551,1668.0035210000028
varied10000,backend,route,13,1772.175525999046,1763.9529349999918
varied10000,backend,route,14,1848.594929993851,1839.8539960000164
varied10000,backend,route,15,1671.1067060095957,1662.7138700000046
varied10000,backend,route,16,1654.4476230046712,1652.5511350000102
varied10000,backend,route,17,1434.4354440108873,1426.996054
varied10000,backend,route,18,1802.7630180004053,1794.8158210000145
varied10000,backend,route,19,1433.986495991121,1426.362001000001
varied10000,backend_inclusive,export_snapshot_from_connection,0,604.980087999138,
varied10000,backend_inclusive,export_snapshot_from_connection,1,609.8757830040995,
varied10000,backend_inclusive,export_snapshot_from_connection,2,674.7867340018274,
varied10000,backend_inclusive,export_snapshot_from_connection,3,627.2396130079869,
varied10000,backend_inclusive,export_snapshot_from_connection,4,679.1184179892298,
varied10000,backend_inclusive,export_snapshot_from_connection,5,679.23385600443,
varied10000,backend_inclusive,export_snapshot_from_connection,6,626.4435140037676,
varied10000,backend_inclusive,export_snapshot_from_connection,7,582.4387630127603,
varied10000,backend_inclusive,export_snapshot_from_connection,8,722.5828630034812,
varied10000,backend_inclusive,export_snapshot_from_connection,9,599.201744000311,
varied10000,backend_inclusive,export_snapshot_from_connection,10,721.0468749981374,
varied10000,backend_inclusive,export_snapshot_from_connection,11,729.8474670096766,
varied10000,backend_inclusive,export_snapshot_from_connection,12,690.591922000749,
varied10000,backend_inclusive,export_snapshot_from_connection,13,714.6724509948399,
varied10000,backend_inclusive,export_snapshot_from_connection,14,751.1758449982153,
varied10000,backend_inclusive,export_snapshot_from_connection,15,686.8705889937701,
varied10000,backend_inclusive,export_snapshot_from_connection,16,676.0467520070961,
varied10000,backend_inclusive,export_snapshot_from_connection,17,582.8991689922987,
varied10000,backend_inclusive,export_snapshot_from_connection,18,743.7383689975832,
varied10000,backend_inclusive,export_snapshot_from_connection,19,580.5368270084728,
varied10000,backend_inclusive,_construct,0,1251.2987640075153,
varied10000,backend_inclusive,_construct,1,1280.8554069924867,
varied10000,backend_inclusive,_construct,2,1421.6935739968903,
varied10000,backend_inclusive,_construct,3,1301.916345997597,
varied10000,backend_inclusive,_construct,4,1433.322348006186,
varied10000,backend_inclusive,_construct,5,1424.4790059892694,
varied10000,backend_inclusive,_construct,6,1299.5960289990762,
varied10000,backend_inclusive,_construct,7,1226.3764219969744,
varied10000,backend_inclusive,_construct,8,1522.0752239983995,
varied10000,backend_inclusive,_construct,9,1240.9978779905941,
varied10000,backend_inclusive,_construct,10,1520.5385820008814,
varied10000,backend_inclusive,_construct,11,1531.4509699965129,
varied10000,backend_inclusive,_construct,12,1433.3338649885263,
varied10000,backend_inclusive,_construct,13,1512.316455002292,
varied10000,backend_inclusive,_construct,14,1579.818336002063,
varied10000,backend_inclusive,_construct,15,1428.1206480081892,
varied10000,backend_inclusive,_construct,16,1417.8547710034763,
varied10000,backend_inclusive,_construct,17,1221.252329996787,
varied10000,backend_inclusive,_construct,18,1542.1993040072266,
varied10000,backend_inclusive,_construct,19,1220.0129410048248,
varied10000,backend_inclusive,json_render,0,64.47055599710438,
varied10000,backend_inclusive,json_render,1,67.93240198749118,
varied10000,backend_inclusive,json_render,2,74.84261399076786,
varied10000,backend_inclusive,json_render,3,67.78968800790608,
varied10000,backend_inclusive,json_render,4,75.6246730015846,
varied10000,backend_inclusive,json_render,5,75.19389101071283,
varied10000,backend_inclusive,json_render,6,68.30361500033177,
varied10000,backend_inclusive,json_render,7,64.98554100107867,
varied10000,backend_inclusive,json_render,8,80.59035699989181,
varied10000,backend_inclusive,json_render,9,65.02891999843996,
varied10000,backend_inclusive,json_render,10,80.30511600372847,
varied10000,backend_inclusive,json_render,11,80.8633950073272,
varied10000,backend_inclusive,json_render,12,74.79775798856281,
varied10000,backend_inclusive,json_render,13,80.82676499907393,
varied10000,backend_inclusive,json_render,14,83.1232229975285,
varied10000,backend_inclusive,json_render,15,75.0871860072948,
varied10000,backend_inclusive,json_render,16,74.69530099479016,
varied10000,backend_inclusive,json_render,17,66.40545799746178,
varied10000,backend_inclusive,json_render,18,80.85059600125533,
varied10000,backend_inclusive,json_render,19,64.68497900641523,
varied10000,backend_inclusive,_terminal_guard,0,0.8082150015980005,
varied10000,backend_inclusive,_terminal_guard,1,0.8121389982989058,
varied10000,backend_inclusive,_terminal_guard,2,0.8319240005221218,
varied10000,backend_inclusive,_terminal_guard,3,0.7804990018485114,
varied10000,backend_inclusive,_terminal_guard,4,0.8251020044554025,
varied10000,backend_inclusive,_terminal_guard,5,0.8073459903243929,
varied10000,backend_inclusive,_terminal_guard,6,0.7891769928392023,
varied10000,backend_inclusive,_terminal_guard,7,0.7837129960535094,
varied10000,backend_inclusive,_terminal_guard,8,0.903945998288691,
varied10000,backend_inclusive,_terminal_guard,9,0.871190000907518,
varied10000,backend_inclusive,_terminal_guard,10,0.8580470021115616,
varied10000,backend_inclusive,_terminal_guard,11,0.8808790007606149,
varied10000,backend_inclusive,_terminal_guard,12,0.8382189989788458,
varied10000,backend_inclusive,_terminal_guard,13,0.8905610011424869,
varied10000,backend_inclusive,_terminal_guard,14,0.9437060070922598,
varied10000,backend_inclusive,_terminal_guard,15,0.8313529979204759,
varied10000,backend_inclusive,_terminal_guard,16,0.8430419984506443,
varied10000,backend_inclusive,_terminal_guard,17,0.8856600034050643,
varied10000,backend_inclusive,_terminal_guard,18,0.9039900032803416,
varied10000,backend_inclusive,_terminal_guard,19,0.8033519989112392,
varied10000,backend_inclusive,_prepare,0,195.1013520010747,
varied10000,backend_inclusive,_prepare,1,204.91608200245537,
varied10000,backend_inclusive,_prepare,2,225.84635399107356,
varied10000,backend_inclusive,_prepare,3,204.38848399498966,
varied10000,backend_inclusive,_prepare,4,226.03071999037638,
varied10000,backend_inclusive,_prepare,5,225.10828101076186,
varied10000,backend_inclusive,_prepare,6,208.08655199653003,
varied10000,backend_inclusive,_prepare,7,193.52426200930495,
varied10000,backend_inclusive,_prepare,8,241.64233799092472,
varied10000,backend_inclusive,_prepare,9,193.52615599927958,
varied10000,backend_inclusive,_prepare,10,241.25215198728256,
varied10000,backend_inclusive,_prepare,11,242.78832899290137,
varied10000,backend_inclusive,_prepare,12,225.43081299227197,
varied10000,backend_inclusive,_prepare,13,242.11174699303228,
varied10000,backend_inclusive,_prepare,14,250.28618599753827,
varied10000,backend_inclusive,_prepare,15,225.38745299971197,
varied10000,backend_inclusive,_prepare,16,225.4734869929962,
varied10000,backend_inclusive,_prepare,17,196.09435698657762,
varied10000,backend_inclusive,_prepare,18,243.31887799780816,
varied10000,backend_inclusive,_prepare,19,196.08660199446604,
varied10000,compression,gzip-1-encode,0,23.534542007837445,23.53495599999178
varied10000,compression,gzip-1-encode,1,23.693543000263162,23.694077000016023
varied10000,compression,gzip-1-encode,2,23.699241995927878,23.700596999987056
varied10000,compression,gzip-1-encode,3,23.490067993407138,23.4905769999898
varied10000,compression,gzip-1-encode,4,23.519194990512915,23.5200650000138
varied10000,compression,gzip-1-encode,5,23.580887995194644,23.581896999985474
varied10000,compression,gzip-1-encode,6,23.76670499506872,23.767681999999013
varied10000,compression,gzip-1-encode,7,23.493045999202877,23.4939159999783
varied10000,compression,gzip-1-encode,8,23.666831009904854,23.66751499999964
varied10000,compression,gzip-1-encode,9,23.605414986377582,23.60609699999827
varied10000,compression,gzip-1-encode,10,23.549263991299085,23.550224000018716
varied10000,compression,gzip-1-encode,11,23.611224998603575,23.612194999998337
varied10000,compression,gzip-1-encode,12,23.569337994558737,23.570462999998654
varied10000,compression,gzip-1-encode,13,23.510794999310747,23.511326999994253
varied10000,compression,gzip-1-encode,14,23.565625000628643,23.56616699998426
varied10000,compression,gzip-1-encode,15,23.49343900277745,23.494948999996268
varied10000,compression,gzip-1-encode,16,23.532567007350735,23.53355200000351
varied10000,compression,gzip-1-encode,17,23.653026000829414,23.584196999991036
varied10000,compression,gzip-1-encode,18,23.54286100307945,23.54379400000539
varied10000,compression,gzip-1-encode,19,23.489525003242306,23.490928000001077
varied10000,compression,gzip-1-decode,0,7.542722989455797,7.543387999987772
varied10000,compression,gzip-1-decode,1,7.238706006319262,7.239725999994562
varied10000,compression,gzip-1-decode,2,7.357642010902055,7.35873299998957
varied10000,compression,gzip-1-decode,3,7.249345988384448,7.250477000013689
varied10000,compression,gzip-1-decode,4,7.452290010405704,7.453935000000911
varied10000,compression,gzip-1-decode,5,7.403841998893768,7.405051000006324
varied10000,compression,gzip-1-decode,6,7.33524099632632,7.3363019999987955
varied10000,compression,gzip-1-decode,7,7.291568996151909,7.292542000016056
varied10000,compression,gzip-1-decode,8,7.458061998477206,7.459591000014143
varied10000,compression,gzip-1-decode,9,7.375970992143266,7.377443000024186
varied10000,compression,gzip-1-decode,10,7.442709989845753,7.443980000005013
varied10000,compression,gzip-1-decode,11,7.337474002270028,7.3385720000089805
varied10000,compression,gzip-1-decode,12,7.413126004394144,7.414202000006753
varied10000,compression,gzip-1-decode,13,7.29583200882189,7.296911999986833
varied10000,compression,gzip-1-decode,14,7.43902700196486,7.440044000020407
varied10000,compression,gzip-1-decode,15,7.293898001080379,7.295419999991282
varied10000,compression,gzip-1-decode,16,7.3482730076648295,7.349711999978581
varied10000,compression,gzip-1-decode,17,7.313255991903134,7.314509000025282
varied10000,compression,gzip-1-decode,18,7.34606699552387,7.347482999989552
varied10000,compression,gzip-1-decode,19,7.485994006856345,7.487829999973883
varied10000,compression,gzip-6-encode,0,48.562623996986076,48.56360400000881
varied10000,compression,gzip-6-encode,1,48.534992994973436,48.53586499999096
varied10000,compression,gzip-6-encode,2,48.536319998675026,48.537632000005715
varied10000,compression,gzip-6-encode,3,48.4912129904842,48.49257300000431
varied10000,compression,gzip-6-encode,4,48.52693401335273,48.52759499999593
varied10000,compression,gzip-6-encode,5,48.62955599674024,48.620513999992454
varied10000,compression,gzip-6-encode,6,48.59192100411747,48.59248799999705
varied10000,compression,gzip-6-encode,7,48.55869000311941,48.55945799999972
varied10000,compression,gzip-6-encode,8,48.45478700008243,48.45554700000321
varied10000,compression,gzip-6-encode,9,48.53714500495698,48.538331000003154
varied10000,compression,gzip-6-encode,10,48.68073000397999,48.68106200001421
varied10000,compression,gzip-6-encode,11,48.75345100299455,48.66477900000632
varied10000,compression,gzip-6-encode,12,48.47642399545293,48.47752899999591
varied10000,compression,gzip-6-encode,13,48.66500498610549,48.665935999991916
varied10000,compression,gzip-6-encode,14,48.52176099666394,48.522110999982715
varied10000,compression,gzip-6-encode,15,48.529652995057404,48.53050299999495
varied10000,compression,gzip-6-encode,16,48.57255399110727,48.573234000002685
varied10000,compression,gzip-6-encode,17,48.729343005106784,48.730329999983724
varied10000,compression,gzip-6-encode,18,48.44671399041545,48.447491999979775
varied10000,compression,gzip-6-encode,19,48.51456299365964,48.515482999988535
varied10000,compression,gzip-6-decode,0,6.68446600320749,6.685527999991336
varied10000,compression,gzip-6-decode,1,6.8349680077517405,6.836050999993404
varied10000,compression,gzip-6-decode,2,6.830967991845682,6.832011999989618
varied10000,compression,gzip-6-decode,3,6.987947999732569,6.989288999989185
varied10000,compression,gzip-6-decode,4,6.748942992999218,6.749931000001652
varied10000,compression,gzip-6-decode,5,6.939093000255525,6.940377000006492
varied10000,compression,gzip-6-decode,6,6.871202000183985,6.872546000010971
varied10000,compression,gzip-6-decode,7,7.018443997367285,7.01949000000468
varied10000,compression,gzip-6-decode,8,6.909600997460075,6.910758000003625
varied10000,compression,gzip-6-decode,9,6.942004009033553,6.9435510000062095
varied10000,compression,gzip-6-decode,10,6.865749004646204,6.866977000015595
varied10000,compression,gzip-6-decode,11,6.952980009373277,6.9539680000048065
varied10000,compression,gzip-6-decode,12,6.761369004379958,6.762471999991249
varied10000,compression,gzip-6-decode,13,7.059207011479884,7.0603080000068985
varied10000,compression,gzip-6-decode,14,6.817387999035418,6.818269000007149
varied10000,compression,gzip-6-decode,15,6.956490004085936,6.9575849999807815
varied10000,compression,gzip-6-decode,16,6.834384010289796,6.835776000002625
varied10000,compression,gzip-6-decode,17,6.9805230014026165,6.981819000003497
varied10000,compression,gzip-6-decode,18,7.025703002000228,7.02668900001413
varied10000,compression,gzip-6-decode,19,6.982855004025623,6.984031000001778
varied10000,compression,gzip-9-encode,0,73.47722401027568,73.47812800000497
varied10000,compression,gzip-9-encode,1,72.85558999865316,72.85657799999967
varied10000,compression,gzip-9-encode,2,73.5637100005988,73.56434499999409
varied10000,compression,gzip-9-encode,3,72.64965098875109,72.57051100000922
varied10000,compression,gzip-9-encode,4,73.72554899484385,73.72620900000015
varied10000,compression,gzip-9-encode,5,72.69131699285936,72.69285700002115
varied10000,compression,gzip-9-encode,6,73.60735000111163,73.60856699997953
varied10000,compression,gzip-9-encode,7,72.68189899332356,72.68263700001398
varied10000,compression,gzip-9-encode,8,73.46724999661092,73.45930199997497
varied10000,compression,gzip-9-encode,9,72.7621529949829,72.76337299998659
varied10000,compression,gzip-9-encode,10,73.7868830037769,73.78803000000289
varied10000,compression,gzip-9-encode,11,72.29925699357409,72.2941129999981
varied10000,compression,gzip-9-encode,12,73.46496199897956,73.46618399998306
varied10000,compression,gzip-9-encode,13,72.6153389987303,72.61655900001074
varied10000,compression,gzip-9-encode,14,73.39691500237677,73.3976969999901
varied10000,compression,gzip-9-encode,15,72.53535800555255,72.53616399998464
varied10000,compression,gzip-9-encode,16,73.42173000506591,73.35097399999313
varied10000,compression,gzip-9-encode,17,72.80068600084633,72.80145699999707
varied10000,compression,gzip-9-encode,18,73.33388499682769,73.32801800001221
varied10000,compression,gzip-9-encode,19,72.73502700263634,72.73642900000254
varied10000,compression,gzip-9-decode,0,6.883136986289173,6.884708000001183
varied10000,compression,gzip-9-decode,1,6.922984990524128,6.924905999994735
varied10000,compression,gzip-9-decode,2,6.897341008880176,6.898590999981025
varied10000,compression,gzip-9-decode,3,6.980956997722387,6.982628999992357
varied10000,compression,gzip-9-decode,4,7.761749991914257,7.752442999986897
varied10000,compression,gzip-9-decode,5,6.967701003304683,6.968733999997312
varied10000,compression,gzip-9-decode,6,6.583534006495029,6.584687999975358
varied10000,compression,gzip-9-decode,7,6.764468998881057,6.765349999994896
varied10000,compression,gzip-9-decode,8,6.711649999488145,6.713296999976137
varied10000,compression,gzip-9-decode,9,7.0251779980026186,7.02620399999887
varied10000,compression,gzip-9-decode,10,6.824170995969325,6.820317000006071
varied10000,compression,gzip-9-decode,11,6.961727005545981,6.963197999994009
varied10000,compression,gzip-9-decode,12,6.883269990794361,6.884240000005093
varied10000,compression,gzip-9-decode,13,7.008902000961825,7.01057199998445
varied10000,compression,gzip-9-decode,14,6.9841130025452,6.985245999999279
varied10000,compression,gzip-9-decode,15,6.962451996514574,6.963503000008586
varied10000,compression,gzip-9-decode,16,6.961967999814078,6.963169000016478
varied10000,compression,gzip-9-decode,17,6.973980009206571,6.975116999996089
varied10000,compression,gzip-9-decode,18,7.189245996414684,7.190519999994649
varied10000,compression,gzip-9-decode,19,6.92684599198401,6.927781999991112
varied10000,compression,brotli-4-encode,0,32.57676899374928,32.57831799999167
varied10000,compression,brotli-4-encode,1,32.31333701114636,32.31130500000745
varied10000,compression,brotli-4-encode,2,32.45009599777404,32.44506400000091
varied10000,compression,brotli-4-encode,3,33.24748401064426,33.24947900000552
varied10000,compression,brotli-4-encode,4,32.781503003207035,32.783526000002894
varied10000,compression,brotli-4-encode,5,32.42793399840593,32.43026199999122
varied10000,compression,brotli-4-encode,6,32.71797300840262,32.71993299998144
varied10000,compression,brotli-4-encode,7,32.51590600120835,32.518014000004314
varied10000,compression,brotli-4-encode,8,33.48538100544829,33.487673999985645
varied10000,compression,brotli-4-encode,9,32.414550994872116,32.41626499999484
varied10000,compression,brotli-4-encode,10,32.567243004450575,32.569026999993866
varied10000,compression,brotli-4-encode,11,32.51639699738007,32.51868600000307
varied10000,compression,brotli-4-encode,12,32.37097400415223,32.372953999981746
varied10000,compression,brotli-4-encode,13,32.36240199476015,32.36493599999335
varied10000,compression,brotli-4-encode,14,33.497969998279586,33.42675499999359
varied10000,compression,brotli-4-encode,15,32.340644000214525,32.34273700002177
varied10000,compression,brotli-4-encode,16,32.75734900671523,32.75907100001518
varied10000,compression,brotli-4-encode,17,32.625359992380254,32.62807300001214
varied10000,compression,brotli-4-encode,18,32.94226799334865,32.944025999995574
varied10000,compression,brotli-4-encode,19,32.53109300567303,32.53354000000286
varied10000,compression,brotli-4-decode,0,4.128272004891187,4.130121999992298
varied10000,compression,brotli-4-decode,1,4.113489005248994,4.1152379999971345
varied10000,compression,brotli-4-decode,2,4.142113000852987,4.144354999993993
varied10000,compression,brotli-4-decode,3,4.1794070129981264,4.180654999998978
varied10000,compression,brotli-4-decode,4,4.154607013333589,4.156366000017897
varied10000,compression,brotli-4-decode,5,4.209307007840835,4.213651999975809
varied10000,compression,brotli-4-decode,6,4.3374250089982525,4.339298000019198
varied10000,compression,brotli-4-decode,7,4.278845008229837,4.280741999991733
varied10000,compression,brotli-4-decode,8,4.2212999978801236,4.2228539999769055
varied10000,compression,brotli-4-decode,9,4.122835001908243,4.1243710000173905
varied10000,compression,brotli-4-decode,10,4.1570850007701665,4.158447000008891
varied10000,compression,brotli-4-decode,11,4.238198001985438,4.240594999998848
varied10000,compression,brotli-4-decode,12,4.1848239925457165,4.186174000011533
varied10000,compression,brotli-4-decode,13,4.222351999487728,4.223970999987614
varied10000,compression,brotli-4-decode,14,4.23696699726861,4.242270999981201
varied10000,compression,brotli-4-decode,15,4.317322003771551,4.319307999992361
varied10000,compression,brotli-4-decode,16,4.112875001737848,4.114630000003672
varied10000,compression,brotli-4-decode,17,4.237924003973603,4.2396580000172435
varied10000,compression,brotli-4-decode,18,4.2749310086946934,4.276449000002458
varied10000,compression,brotli-4-decode,19,4.332023003371432,4.334312999986878
varied10000,compression,brotli-6-encode,0,94.24139499606099,94.23587699998848
varied10000,compression,brotli-6-encode,1,93.38735599885695,93.38945299998613
varied10000,compression,brotli-6-encode,2,95.83578999445308,95.83811600001013
varied10000,compression,brotli-6-encode,3,94.01870500005316,94.02050400001372
varied10000,compression,brotli-6-encode,4,95.34546300710645,95.2732469999944
varied10000,compression,brotli-6-encode,5,94.49418900476303,94.49639700000034
varied10000,compression,brotli-6-encode,6,94.2186460015364,94.22049900001639
varied10000,compression,brotli-6-encode,7,94.87079300743062,94.87336399999435
varied10000,compression,brotli-6-encode,8,94.24480798770674,94.24605300000621
varied10000,compression,brotli-6-encode,9,94.5328500092728,94.53514899999504
varied10000,compression,brotli-6-encode,10,94.21109200047795,94.21328700000231
varied10000,compression,brotli-6-encode,11,94.10718899744097,94.10953799999788
varied10000,compression,brotli-6-encode,12,94.41033100301865,94.4124439999996
varied10000,compression,brotli-6-encode,13,94.50432799349073,94.50672899998835
varied10000,compression,brotli-6-encode,14,94.43448299134616,94.43609000001629
varied10000,compression,brotli-6-encode,15,94.4772520015249,94.4070609999983
varied10000,compression,brotli-6-encode,16,94.9883069988573,94.99053400000435
varied10000,compression,brotli-6-encode,17,94.34904099907726,94.35104799999294
varied10000,compression,brotli-6-encode,18,95.69874999579042,95.70088500001361
varied10000,compression,brotli-6-encode,19,95.07168900745455,95.06066800000212
varied10000,compression,brotli-6-decode,0,6.877632986288518,6.879568999977437
varied10000,compression,brotli-6-decode,1,6.736680006724782,6.7380469999989145
varied10000,compression,brotli-6-decode,2,6.720170000335202,6.721946999988404
varied10000,compression,brotli-6-decode,3,6.715612995321862,6.7170890000056716
varied10000,compression,brotli-6-decode,4,6.840558009571396,6.842250999994803
varied10000,compression,brotli-6-decode,5,7.0866440073587,7.087811000019428
varied10000,compression,brotli-6-decode,6,6.567946998984553,6.569531999986111
varied10000,compression,brotli-6-decode,7,6.631076990743168,6.632372000012765
varied10000,compression,brotli-6-decode,8,6.742183002643287,6.743432999996912
varied10000,compression,brotli-6-decode,9,6.862615002319217,6.864889999974366
varied10000,compression,brotli-6-decode,10,6.974313000682741,6.975677000014002
varied10000,compression,brotli-6-decode,11,6.658561003860086,6.660342999992963
varied10000,compression,brotli-6-decode,12,6.732142006512731,6.733765999996422
varied10000,compression,brotli-6-decode,13,6.674718999420293,6.67589400001134
varied10000,compression,brotli-6-decode,14,6.754794012522325,6.756421999995155
varied10000,compression,brotli-6-decode,15,6.861647008918226,6.8648280000047635
varied10000,compression,brotli-6-decode,16,6.738304000464268,6.739662999990514
varied10000,compression,brotli-6-decode,17,6.658993996097706,6.660213000003523
varied10000,compression,brotli-6-decode,18,6.791756997699849,6.793356000002859
varied10000,compression,brotli-6-decode,19,6.715014009387232,6.716413000020793
varied10000,compression,brotli-9-encode,0,191.88616500468925,191.8741730000022
varied10000,compression,brotli-9-encode,1,190.75401400914416,190.7552909999879
varied10000,compression,brotli-9-encode,2,190.00157799746376,189.98108799999613
varied10000,compression,brotli-9-encode,3,195.80215400492307,195.80314899999962
varied10000,compression,brotli-9-encode,4,191.2385239993455,191.22790000000123
varied10000,compression,brotli-9-encode,5,191.84791599400342,191.84928000001378
varied10000,compression,brotli-9-encode,6,189.8811280116206,189.88269199999763
varied10000,compression,brotli-9-encode,7,190.09535299846902,190.0880850000135
varied10000,compression,brotli-9-encode,8,191.1285410023993,191.11882800001467
varied10000,compression,brotli-9-encode,9,190.90504900668748,190.89141300000279
varied10000,compression,brotli-9-encode,10,195.16574499721173,195.16748999998867
varied10000,compression,brotli-9-encode,11,190.81749499309808,190.8186470000146
varied10000,compression,brotli-9-encode,12,189.11939799727406,189.12083600000074
varied10000,compression,brotli-9-encode,13,187.65460600843653,187.65599300002123
varied10000,compression,brotli-9-encode,14,200.9192360128509,200.90476299998272
varied10000,compression,brotli-9-encode,15,188.11284100229386,188.11460500000976
varied10000,compression,brotli-9-encode,16,193.30712099326774,193.30908099999533
varied10000,compression,brotli-9-encode,17,187.76520100072958,187.76727600001664
varied10000,compression,brotli-9-encode,18,190.66861300962046,190.65821600000277
varied10000,compression,brotli-9-encode,19,190.3304260049481,190.32192800000303
varied10000,compression,brotli-9-decode,0,7.380374998319894,7.381948000016791
varied10000,compression,brotli-9-decode,1,7.122289011022076,7.123771000010493
varied10000,compression,brotli-9-decode,2,6.512372012366541,6.513783999992029
varied10000,compression,brotli-9-decode,3,6.670339003903791,6.671646000000919
varied10000,compression,brotli-9-decode,4,6.722649995936081,6.724100000013777
varied10000,compression,brotli-9-decode,5,6.843814990133978,6.845467000005101
varied10000,compression,brotli-9-decode,6,6.732274996466003,6.734378999993851
varied10000,compression,brotli-9-decode,7,6.788407001295127,6.7897389999984625
varied10000,compression,brotli-9-decode,8,6.80261199886445,6.791741000000684
varied10000,compression,brotli-9-decode,9,6.846267991932109,6.848063000006732
varied10000,compression,brotli-9-decode,10,6.911521006259136,6.913094999987379
varied10000,compression,brotli-9-decode,11,6.800850998843089,6.802368999984765
varied10000,compression,brotli-9-decode,12,6.859546003397554,6.86067300000559
varied10000,compression,brotli-9-decode,13,6.839549998403527,6.841026000017791
varied10000,compression,brotli-9-decode,14,6.774131004931405,6.775175000001354
varied10000,compression,brotli-9-decode,15,6.752620000042953,6.751067999999805
varied10000,compression,brotli-9-decode,16,6.904142996063456,6.9053819999851385
varied10000,compression,brotli-9-decode,17,6.825183998444118,6.8267230000174095
varied10000,compression,brotli-9-decode,18,6.844827992608771,6.845992000023671
varied10000,compression,brotli-9-decode,19,6.8022310006199405,6.803499000000102
376,dart_host,utf8,0,1.653,
376,dart_host,raw_money,0,35.008,
376,dart_host,json_decode,0,3.868,
376,dart_host,unicode,0,0.861,
376,dart_host,presence_types,0,11.191,
376,dart_host,money,0,0.534,
376,dart_host,snapshot_authority_relationships,0,32.879,
376,dart_host,freeze,0,3.02,
376,dart_host,typed_models,0,0.482,
376,dart_host,candidate,0,0.007,
376,dart_host,parser_typed_ms,0,89.561,
376,dart_host,baseline_construction_ms,0,0.01,
376,dart_host,baseline_encode_ms,0,4.362,
376,dart_host,baseline_publish_ms,0,19.693,
376,dart_host,baseline_readback_ms,0,7.334,
376,dart_host,total_diagnostic_pipeline_ms,0,120.968,
376,dart_host,utf8,1,1.657,
376,dart_host,raw_money,1,25.084,
376,dart_host,json_decode,1,4.011,
376,dart_host,unicode,1,0.879,
376,dart_host,presence_types,1,12.321,
376,dart_host,money,1,0.609,
376,dart_host,snapshot_authority_relationships,1,44.792,
376,dart_host,freeze,1,8.218,
376,dart_host,typed_models,1,0.507,
376,dart_host,candidate,1,0.009,
376,dart_host,parser_typed_ms,1,98.145,
376,dart_host,baseline_construction_ms,1,0.013,
376,dart_host,baseline_encode_ms,1,5.206,
376,dart_host,baseline_publish_ms,1,20.839,
376,dart_host,baseline_readback_ms,1,7.057,
376,dart_host,total_diagnostic_pipeline_ms,1,131.277,
376,dart_host,utf8,2,1.673,
376,dart_host,raw_money,2,24.301,
376,dart_host,json_decode,2,5.137,
376,dart_host,unicode,2,0.952,
376,dart_host,presence_types,2,10.238,
376,dart_host,money,2,0.456,
376,dart_host,snapshot_authority_relationships,2,31.632,
376,dart_host,freeze,2,2.354,
376,dart_host,typed_models,2,0.284,
376,dart_host,candidate,2,0.007,
376,dart_host,parser_typed_ms,2,77.095,
376,dart_host,baseline_construction_ms,2,0.008,
376,dart_host,baseline_encode_ms,2,4.367,
376,dart_host,baseline_publish_ms,2,25.479,
376,dart_host,baseline_readback_ms,2,6.769,
376,dart_host,total_diagnostic_pipeline_ms,2,113.728,
376,dart_host,utf8,3,1.659,
376,dart_host,raw_money,3,24.224,
376,dart_host,json_decode,3,4.031,
376,dart_host,unicode,3,0.884,
376,dart_host,presence_types,3,10.54,
376,dart_host,money,3,1.827,
376,dart_host,snapshot_authority_relationships,3,31.66,
376,dart_host,freeze,3,2.338,
376,dart_host,typed_models,3,0.295,
376,dart_host,candidate,3,0.007,
376,dart_host,parser_typed_ms,3,77.513,
376,dart_host,baseline_construction_ms,3,0.006,
376,dart_host,baseline_encode_ms,3,4.315,
376,dart_host,baseline_publish_ms,3,19.436,
376,dart_host,baseline_readback_ms,3,8.279,
376,dart_host,total_diagnostic_pipeline_ms,3,109.557,
376,dart_host,utf8,4,1.65,
376,dart_host,raw_money,4,24.542,
376,dart_host,json_decode,4,3.986,
376,dart_host,unicode,4,0.864,
376,dart_host,presence_types,4,9.533,
376,dart_host,money,4,0.587,
376,dart_host,snapshot_authority_relationships,4,32.949,
376,dart_host,freeze,4,2.701,
376,dart_host,typed_models,4,0.299,
376,dart_host,candidate,4,0.007,
376,dart_host,parser_typed_ms,4,77.168,
376,dart_host,baseline_construction_ms,4,0.006,
376,dart_host,baseline_encode_ms,4,4.224,
376,dart_host,baseline_publish_ms,4,12.79,
376,dart_host,baseline_readback_ms,4,6.948,
376,dart_host,total_diagnostic_pipeline_ms,4,101.144,
376,dart_host,utf8,5,1.633,
376,dart_host,raw_money,5,24.778,
376,dart_host,json_decode,5,3.993,
376,dart_host,unicode,5,0.826,
376,dart_host,presence_types,5,10.732,
376,dart_host,money,5,0.525,
376,dart_host,snapshot_authority_relationships,5,36.285,
376,dart_host,freeze,5,3.069,
376,dart_host,typed_models,5,0.289,
376,dart_host,candidate,5,0.007,
376,dart_host,parser_typed_ms,5,82.208,
376,dart_host,baseline_construction_ms,5,0.007,
376,dart_host,baseline_encode_ms,5,4.206,
376,dart_host,baseline_publish_ms,5,12.57,
376,dart_host,baseline_readback_ms,5,6.977,
376,dart_host,total_diagnostic_pipeline_ms,5,105.976,
376,dart_host,utf8,6,1.661,
376,dart_host,raw_money,6,24.085,
376,dart_host,json_decode,6,4.182,
376,dart_host,unicode,6,1.986,
376,dart_host,presence_types,6,9.233,
376,dart_host,money,6,0.47,
376,dart_host,snapshot_authority_relationships,6,32.46,
376,dart_host,freeze,6,6.589,
376,dart_host,typed_models,6,0.42,
376,dart_host,candidate,6,0.008,
376,dart_host,parser_typed_ms,6,81.149,
376,dart_host,baseline_construction_ms,6,0.006,
376,dart_host,baseline_encode_ms,6,4.593,
376,dart_host,baseline_publish_ms,6,15.068,
376,dart_host,baseline_readback_ms,6,6.757,
376,dart_host,total_diagnostic_pipeline_ms,6,107.581,
376,dart_host,utf8,7,1.699,
376,dart_host,raw_money,7,24.015,
376,dart_host,json_decode,7,4.079,
376,dart_host,unicode,7,0.936,
376,dart_host,presence_types,7,8.892,
376,dart_host,money,7,0.522,
376,dart_host,snapshot_authority_relationships,7,32.676,
376,dart_host,freeze,7,2.374,
376,dart_host,typed_models,7,0.311,
376,dart_host,candidate,7,0.007,
376,dart_host,parser_typed_ms,7,75.556,
376,dart_host,baseline_construction_ms,7,0.006,
376,dart_host,baseline_encode_ms,7,4.33,
376,dart_host,baseline_publish_ms,7,18.863,
376,dart_host,baseline_readback_ms,7,9.043,
376,dart_host,total_diagnostic_pipeline_ms,7,107.807,
376,dart_host,utf8,8,1.66,
376,dart_host,raw_money,8,24.776,
376,dart_host,json_decode,8,3.988,
376,dart_host,unicode,8,0.862,
376,dart_host,presence_types,8,9.031,
376,dart_host,money,8,0.583,
376,dart_host,snapshot_authority_relationships,8,33.326,
376,dart_host,freeze,8,2.328,
376,dart_host,typed_models,8,0.297,
376,dart_host,candidate,8,0.008,
376,dart_host,parser_typed_ms,8,76.905,
376,dart_host,baseline_construction_ms,8,0.007,
376,dart_host,baseline_encode_ms,8,4.396,
376,dart_host,baseline_publish_ms,8,12.493,
376,dart_host,baseline_readback_ms,8,6.869,
376,dart_host,total_diagnostic_pipeline_ms,8,100.678,
376,dart_host,utf8,9,1.668,
376,dart_host,raw_money,9,24.638,
376,dart_host,json_decode,9,3.977,
376,dart_host,unicode,9,0.824,
376,dart_host,presence_types,9,9.065,
376,dart_host,money,9,0.518,
376,dart_host,snapshot_authority_relationships,9,31.456,
376,dart_host,freeze,9,3.388,
376,dart_host,typed_models,9,0.297,
376,dart_host,candidate,9,0.007,
376,dart_host,parser_typed_ms,9,75.887,
376,dart_host,baseline_construction_ms,9,0.006,
376,dart_host,baseline_encode_ms,9,4.303,
376,dart_host,baseline_publish_ms,9,12.551,
376,dart_host,baseline_readback_ms,9,7.151,
376,dart_host,total_diagnostic_pipeline_ms,9,99.906,
376,dart_host,utf8,10,1.668,
376,dart_host,raw_money,10,24.046,
376,dart_host,json_decode,10,4.035,
376,dart_host,unicode,10,0.872,
376,dart_host,presence_types,10,10.393,
376,dart_host,money,10,0.453,
376,dart_host,snapshot_authority_relationships,10,37.738,
376,dart_host,freeze,10,2.267,
376,dart_host,typed_models,10,0.287,
376,dart_host,candidate,10,0.007,
376,dart_host,parser_typed_ms,10,81.813,
376,dart_host,baseline_construction_ms,10,0.006,
376,dart_host,baseline_encode_ms,10,4.257,
376,dart_host,baseline_publish_ms,10,14.559,
376,dart_host,baseline_readback_ms,10,6.815,
376,dart_host,total_diagnostic_pipeline_ms,10,107.459,
376,dart_host,utf8,11,1.645,
376,dart_host,raw_money,11,24.217,
376,dart_host,json_decode,11,3.982,
376,dart_host,unicode,11,0.854,
376,dart_host,presence_types,11,9.158,
376,dart_host,money,11,0.531,
376,dart_host,snapshot_authority_relationships,11,32.797,
376,dart_host,freeze,11,2.38,
376,dart_host,typed_models,11,0.319,
376,dart_host,candidate,11,0.008,
376,dart_host,parser_typed_ms,11,75.944,
376,dart_host,baseline_construction_ms,11,0.006,
376,dart_host,baseline_encode_ms,11,4.348,
376,dart_host,baseline_publish_ms,11,18.951,
376,dart_host,baseline_readback_ms,11,7.027,
376,dart_host,total_diagnostic_pipeline_ms,11,106.284,
376,dart_host,utf8,12,1.67,
376,dart_host,raw_money,12,24.908,
376,dart_host,json_decode,12,4.038,
376,dart_host,unicode,12,0.865,
376,dart_host,presence_types,12,8.947,
376,dart_host,money,12,0.52,
376,dart_host,snapshot_authority_relationships,12,32.367,
376,dart_host,freeze,12,2.43,
376,dart_host,typed_models,12,0.347,
376,dart_host,candidate,12,0.008,
376,dart_host,parser_typed_ms,12,76.147,
376,dart_host,baseline_construction_ms,12,0.006,
376,dart_host,baseline_encode_ms,12,4.508,
376,dart_host,baseline_publish_ms,12,13.243,
376,dart_host,baseline_readback_ms,12,7.236,
376,dart_host,total_diagnostic_pipeline_ms,12,101.148,
376,dart_host,utf8,13,1.689,
376,dart_host,raw_money,13,24.43,
376,dart_host,json_decode,13,3.966,
376,dart_host,unicode,13,0.814,
376,dart_host,presence_types,13,8.951,
376,dart_host,money,13,0.495,
376,dart_host,snapshot_authority_relationships,13,31.21,
376,dart_host,freeze,13,2.489,
376,dart_host,typed_models,13,0.333,
376,dart_host,candidate,13,0.009,
376,dart_host,parser_typed_ms,13,74.442,
376,dart_host,baseline_construction_ms,13,0.007,
376,dart_host,baseline_encode_ms,13,5.604,
376,dart_host,baseline_publish_ms,13,12.638,
376,dart_host,baseline_readback_ms,13,6.868,
376,dart_host,total_diagnostic_pipeline_ms,13,99.567,
376,dart_host,utf8,14,2.265,
376,dart_host,raw_money,14,24.248,
376,dart_host,json_decode,14,4.171,
376,dart_host,unicode,14,0.869,
376,dart_host,presence_types,14,10.244,
376,dart_host,money,14,0.462,
376,dart_host,snapshot_authority_relationships,14,36.833,
376,dart_host,freeze,14,2.328,
376,dart_host,typed_models,14,0.32,
376,dart_host,candidate,14,0.007,
376,dart_host,parser_typed_ms,14,81.794,
376,dart_host,baseline_construction_ms,14,0.006,
376,dart_host,baseline_encode_ms,14,4.302,
376,dart_host,baseline_publish_ms,14,14.461,
376,dart_host,baseline_readback_ms,14,6.765,
376,dart_host,total_diagnostic_pipeline_ms,14,107.337,
376,dart_host,utf8,15,1.68,
376,dart_host,raw_money,15,24.427,
376,dart_host,json_decode,15,4.051,
376,dart_host,unicode,15,0.893,
376,dart_host,presence_types,15,8.914,
376,dart_host,money,15,0.523,
376,dart_host,snapshot_authority_relationships,15,33.044,
376,dart_host,freeze,15,5.233,
376,dart_host,typed_models,15,0.788,
376,dart_host,candidate,15,0.012,
376,dart_host,parser_typed_ms,15,79.619,
376,dart_host,baseline_construction_ms,15,0.01,
376,dart_host,baseline_encode_ms,15,7.497,
376,dart_host,baseline_publish_ms,15,13.431,
376,dart_host,baseline_readback_ms,15,6.725,
376,dart_host,total_diagnostic_pipeline_ms,15,107.293,
376,dart_host,utf8,16,1.629,
376,dart_host,raw_money,16,24.743,
376,dart_host,json_decode,16,4.083,
376,dart_host,unicode,16,0.862,
376,dart_host,presence_types,16,8.925,
376,dart_host,money,16,0.51,
376,dart_host,snapshot_authority_relationships,16,32.36,
376,dart_host,freeze,16,2.296,
376,dart_host,typed_models,16,0.301,
376,dart_host,candidate,16,0.008,
376,dart_host,parser_typed_ms,16,75.764,
376,dart_host,baseline_construction_ms,16,0.006,
376,dart_host,baseline_encode_ms,16,4.35,
376,dart_host,baseline_publish_ms,16,17.149,
376,dart_host,baseline_readback_ms,16,7.231,
376,dart_host,total_diagnostic_pipeline_ms,16,104.509,
376,dart_host,utf8,17,1.705,
376,dart_host,raw_money,17,24.838,
376,dart_host,json_decode,17,4.036,
376,dart_host,unicode,17,0.819,
376,dart_host,presence_types,17,8.956,
376,dart_host,money,17,0.488,
376,dart_host,snapshot_authority_relationships,17,31.295,
376,dart_host,freeze,17,2.328,
376,dart_host,typed_models,17,0.278,
376,dart_host,candidate,17,0.007,
376,dart_host,parser_typed_ms,17,74.794,
376,dart_host,baseline_construction_ms,17,0.006,
376,dart_host,baseline_encode_ms,17,5.286,
376,dart_host,baseline_publish_ms,17,12.673,
376,dart_host,baseline_readback_ms,17,6.899,
376,dart_host,total_diagnostic_pipeline_ms,17,99.666,
376,dart_host,utf8,18,1.65,
376,dart_host,raw_money,18,24.007,
376,dart_host,json_decode,18,4.019,
376,dart_host,unicode,18,0.879,
376,dart_host,presence_types,18,10.232,
376,dart_host,money,18,0.466,
376,dart_host,snapshot_authority_relationships,18,31.19,
376,dart_host,freeze,18,2.335,
376,dart_host,typed_models,18,0.282,
376,dart_host,candidate,18,0.007,
376,dart_host,parser_typed_ms,18,75.11,
376,dart_host,baseline_construction_ms,18,0.005,
376,dart_host,baseline_encode_ms,18,4.309,
376,dart_host,baseline_publish_ms,18,12.537,
376,dart_host,baseline_readback_ms,18,8.508,
376,dart_host,total_diagnostic_pipeline_ms,18,100.478,
376,dart_host,utf8,19,1.711,
376,dart_host,raw_money,19,24.905,
376,dart_host,json_decode,19,4.048,
376,dart_host,unicode,19,0.855,
376,dart_host,presence_types,19,8.991,
376,dart_host,money,19,0.523,
376,dart_host,snapshot_authority_relationships,19,37.787,
376,dart_host,freeze,19,2.228,
376,dart_host,typed_models,19,0.29,
376,dart_host,candidate,19,0.006,
376,dart_host,parser_typed_ms,19,81.391,
376,dart_host,baseline_construction_ms,19,0.005,
376,dart_host,baseline_encode_ms,19,4.23,
376,dart_host,baseline_publish_ms,19,12.704,
376,dart_host,baseline_readback_ms,19,6.706,
376,dart_host,total_diagnostic_pipeline_ms,19,105.043,
1000,dart_host,utf8,0,3.491,
1000,dart_host,raw_money,0,52.683,
1000,dart_host,json_decode,0,8.61,
1000,dart_host,unicode,0,1.783,
1000,dart_host,presence_types,0,19.301,
1000,dart_host,money,0,1.175,
1000,dart_host,snapshot_authority_relationships,0,82.989,
1000,dart_host,freeze,0,9.736,
1000,dart_host,typed_models,0,1.135,
1000,dart_host,candidate,0,0.009,
1000,dart_host,parser_typed_ms,0,180.985,
1000,dart_host,baseline_construction_ms,0,0.006,
1000,dart_host,baseline_encode_ms,0,14.484,
1000,dart_host,baseline_publish_ms,0,25.162,
1000,dart_host,baseline_readback_ms,0,14.1,
1000,dart_host,total_diagnostic_pipeline_ms,0,234.748,
1000,dart_host,utf8,1,3.453,
1000,dart_host,raw_money,1,56.249,
1000,dart_host,json_decode,1,8.655,
1000,dart_host,unicode,1,1.87,
1000,dart_host,presence_types,1,19.488,
1000,dart_host,money,1,2.874,
1000,dart_host,snapshot_authority_relationships,1,83.582,
1000,dart_host,freeze,1,5.784,
1000,dart_host,typed_models,1,0.436,
1000,dart_host,candidate,1,0.008,
1000,dart_host,parser_typed_ms,1,182.459,
1000,dart_host,baseline_construction_ms,1,0.006,
1000,dart_host,baseline_encode_ms,1,12.619,
1000,dart_host,baseline_publish_ms,1,36.167,
1000,dart_host,baseline_readback_ms,1,15.995,
1000,dart_host,total_diagnostic_pipeline_ms,1,247.259,
1000,dart_host,utf8,2,3.455,
1000,dart_host,raw_money,2,52.368,
1000,dart_host,json_decode,2,8.724,
1000,dart_host,unicode,2,1.868,
1000,dart_host,presence_types,2,21.196,
1000,dart_host,money,2,1.05,
1000,dart_host,snapshot_authority_relationships,2,89.349,
1000,dart_host,freeze,2,5.203,
1000,dart_host,typed_models,2,0.331,
1000,dart_host,candidate,2,0.007,
1000,dart_host,parser_typed_ms,2,183.612,
1000,dart_host,baseline_construction_ms,2,0.006,
1000,dart_host,baseline_encode_ms,2,9.406,
1000,dart_host,baseline_publish_ms,2,31.329,
1000,dart_host,baseline_readback_ms,2,13.861,
1000,dart_host,total_diagnostic_pipeline_ms,2,238.224,
1000,dart_host,utf8,3,3.523,
1000,dart_host,raw_money,3,52.889,
1000,dart_host,json_decode,3,8.671,
1000,dart_host,unicode,3,1.8,
1000,dart_host,presence_types,3,19.409,
1000,dart_host,money,3,1.08,
1000,dart_host,snapshot_authority_relationships,3,87.581,
1000,dart_host,freeze,3,7.463,
1000,dart_host,typed_models,3,0.318,
1000,dart_host,candidate,3,0.007,
1000,dart_host,parser_typed_ms,3,182.797,
1000,dart_host,baseline_construction_ms,3,0.012,
1000,dart_host,baseline_encode_ms,3,8.895,
1000,dart_host,baseline_publish_ms,3,25.268,
1000,dart_host,baseline_readback_ms,3,14.105,
1000,dart_host,total_diagnostic_pipeline_ms,3,231.099,
1000,dart_host,utf8,4,3.484,
1000,dart_host,raw_money,4,52.031,
1000,dart_host,json_decode,4,8.704,
1000,dart_host,unicode,4,1.897,
1000,dart_host,presence_types,4,19.447,
1000,dart_host,money,4,2.737,
1000,dart_host,snapshot_authority_relationships,4,87.499,
1000,dart_host,freeze,4,5.322,
1000,dart_host,typed_models,4,0.276,
1000,dart_host,candidate,4,0.006,
1000,dart_host,parser_typed_ms,4,181.46,
1000,dart_host,baseline_construction_ms,4,0.005,
1000,dart_host,baseline_encode_ms,4,8.84,
1000,dart_host,baseline_publish_ms,4,25.648,
1000,dart_host,baseline_readback_ms,4,15.084,
1000,dart_host,total_diagnostic_pipeline_ms,4,231.047,
1000,dart_host,utf8,5,3.574,
1000,dart_host,raw_money,5,52.494,
1000,dart_host,json_decode,5,8.566,
1000,dart_host,unicode,5,1.944,
1000,dart_host,presence_types,5,21.151,
1000,dart_host,money,5,0.987,
1000,dart_host,snapshot_authority_relationships,5,87.733,
1000,dart_host,freeze,5,5.406,
1000,dart_host,typed_models,5,0.331,
1000,dart_host,candidate,5,0.007,
1000,dart_host,parser_typed_ms,5,182.249,
1000,dart_host,baseline_construction_ms,5,0.006,
1000,dart_host,baseline_encode_ms,5,9.33,
1000,dart_host,baseline_publish_ms,5,32.747,
1000,dart_host,baseline_readback_ms,5,14.293,
1000,dart_host,total_diagnostic_pipeline_ms,5,238.635,
1000,dart_host,utf8,6,3.562,
1000,dart_host,raw_money,6,53.048,
1000,dart_host,json_decode,6,8.629,
1000,dart_host,unicode,6,1.813,
1000,dart_host,presence_types,6,20.33,
1000,dart_host,money,6,1.08,
1000,dart_host,snapshot_authority_relationships,6,85.652,
1000,dart_host,freeze,6,6.285,
1000,dart_host,typed_models,6,0.328,
1000,dart_host,candidate,6,0.007,
1000,dart_host,parser_typed_ms,6,180.792,
1000,dart_host,baseline_construction_ms,6,0.006,
1000,dart_host,baseline_encode_ms,6,8.924,
1000,dart_host,baseline_publish_ms,6,25.128,
1000,dart_host,baseline_readback_ms,6,14.08,
1000,dart_host,total_diagnostic_pipeline_ms,6,228.94,
1000,dart_host,utf8,7,3.48,
1000,dart_host,raw_money,7,52.291,
1000,dart_host,json_decode,7,8.741,
1000,dart_host,unicode,7,1.837,
1000,dart_host,presence_types,7,21.126,
1000,dart_host,money,7,0.971,
1000,dart_host,snapshot_authority_relationships,7,87.8,
1000,dart_host,freeze,7,4.901,
1000,dart_host,typed_models,7,0.302,
1000,dart_host,candidate,7,0.007,
1000,dart_host,parser_typed_ms,7,181.515,
1000,dart_host,baseline_construction_ms,7,0.006,
1000,dart_host,baseline_encode_ms,7,9.123,
1000,dart_host,baseline_publish_ms,7,26.344,
1000,dart_host,baseline_readback_ms,7,23.584,
1000,dart_host,total_diagnostic_pipeline_ms,7,240.581,
1000,dart_host,utf8,8,3.511,
1000,dart_host,raw_money,8,52.303,
1000,dart_host,json_decode,8,10.216,
1000,dart_host,unicode,8,1.705,
1000,dart_host,presence_types,8,19.361,
1000,dart_host,money,8,0.972,
1000,dart_host,snapshot_authority_relationships,8,89.446,
1000,dart_host,freeze,8,4.829,
1000,dart_host,typed_models,8,0.293,
1000,dart_host,candidate,8,0.007,
1000,dart_host,parser_typed_ms,8,182.699,
1000,dart_host,baseline_construction_ms,8,0.006,
1000,dart_host,baseline_encode_ms,8,9.809,
1000,dart_host,baseline_publish_ms,8,25.406,
1000,dart_host,baseline_readback_ms,8,14.131,
1000,dart_host,total_diagnostic_pipeline_ms,8,232.061,
1000,dart_host,utf8,9,3.503,
1000,dart_host,raw_money,9,56.164,
1000,dart_host,json_decode,9,8.704,
1000,dart_host,unicode,9,1.818,
1000,dart_host,presence_types,9,19.795,
1000,dart_host,money,9,1.195,
1000,dart_host,snapshot_authority_relationships,9,82.907,
1000,dart_host,freeze,9,7.086,
1000,dart_host,typed_models,9,0.368,
1000,dart_host,candidate,9,0.008,
1000,dart_host,parser_typed_ms,9,181.606,
1000,dart_host,baseline_construction_ms,9,0.006,
1000,dart_host,baseline_encode_ms,9,11.201,
1000,dart_host,baseline_publish_ms,9,31.252,
1000,dart_host,baseline_readback_ms,9,15.429,
1000,dart_host,total_diagnostic_pipeline_ms,9,239.506,
1000,dart_host,utf8,10,3.474,
1000,dart_host,raw_money,10,52.328,
1000,dart_host,json_decode,10,8.737,
1000,dart_host,unicode,10,1.846,
1000,dart_host,presence_types,10,21.579,
1000,dart_host,money,10,0.969,
1000,dart_host,snapshot_authority_relationships,10,86.504,
1000,dart_host,freeze,10,5.03,
1000,dart_host,typed_models,10,0.302,
1000,dart_host,candidate,10,0.007,
1000,dart_host,parser_typed_ms,10,180.833,
1000,dart_host,baseline_construction_ms,10,0.005,
1000,dart_host,baseline_encode_ms,10,9.222,
1000,dart_host,baseline_publish_ms,10,34.804,
1000,dart_host,baseline_readback_ms,10,13.706,
1000,dart_host,total_diagnostic_pipeline_ms,10,238.581,
1000,dart_host,utf8,11,3.556,
1000,dart_host,raw_money,11,53.101,
1000,dart_host,json_decode,11,8.632,
1000,dart_host,unicode,11,1.782,
1000,dart_host,presence_types,11,19.384,
1000,dart_host,money,11,1.115,
1000,dart_host,snapshot_authority_relationships,11,87.291,
1000,dart_host,freeze,11,7.747,
1000,dart_host,typed_models,11,0.308,
1000,dart_host,candidate,11,0.007,
1000,dart_host,parser_typed_ms,11,182.98,
1000,dart_host,baseline_construction_ms,11,0.006,
1000,dart_host,baseline_encode_ms,11,9.171,
1000,dart_host,baseline_publish_ms,11,32.415,
1000,dart_host,baseline_readback_ms,11,13.719,
1000,dart_host,total_diagnostic_pipeline_ms,11,238.305,
1000,dart_host,utf8,12,3.456,
1000,dart_host,raw_money,12,52.509,
1000,dart_host,json_decode,12,8.73,
1000,dart_host,unicode,12,1.888,
1000,dart_host,presence_types,12,21.301,
1000,dart_host,money,12,0.981,
1000,dart_host,snapshot_authority_relationships,12,88.273,
1000,dart_host,freeze,12,4.945,
1000,dart_host,typed_models,12,0.321,
1000,dart_host,candidate,12,0.008,
1000,dart_host,parser_typed_ms,12,182.473,
1000,dart_host,baseline_construction_ms,12,0.006,
1000,dart_host,baseline_encode_ms,12,8.935,
1000,dart_host,baseline_publish_ms,12,32.982,
1000,dart_host,baseline_readback_ms,12,19.841,
1000,dart_host,total_diagnostic_pipeline_ms,12,244.246,
1000,dart_host,utf8,13,3.469,
1000,dart_host,raw_money,13,51.607,
1000,dart_host,json_decode,13,10.217,
1000,dart_host,unicode,13,1.737,
1000,dart_host,presence_types,13,19.098,
1000,dart_host,money,13,0.971,
1000,dart_host,snapshot_authority_relationships,13,88.093,
1000,dart_host,freeze,13,4.823,
1000,dart_host,typed_models,13,0.303,
1000,dart_host,candidate,13,0.007,
1000,dart_host,parser_typed_ms,13,180.383,
1000,dart_host,baseline_construction_ms,13,0.007,
1000,dart_host,baseline_encode_ms,13,9.844,
1000,dart_host,baseline_publish_ms,13,30.941,
1000,dart_host,baseline_readback_ms,13,13.649,
1000,dart_host,total_diagnostic_pipeline_ms,13,234.835,
1000,dart_host,utf8,14,3.469,
1000,dart_host,raw_money,14,51.567,
1000,dart_host,json_decode,14,8.601,
1000,dart_host,unicode,14,1.842,
1000,dart_host,presence_types,14,19.436,
1000,dart_host,money,14,1.092,
1000,dart_host,snapshot_authority_relationships,14,87.656,
1000,dart_host,freeze,14,6.908,
1000,dart_host,typed_models,14,0.297,
1000,dart_host,candidate,14,0.007,
1000,dart_host,parser_typed_ms,14,180.93,
1000,dart_host,baseline_construction_ms,14,0.005,
1000,dart_host,baseline_encode_ms,14,8.694,
1000,dart_host,baseline_publish_ms,14,30.374,
1000,dart_host,baseline_readback_ms,14,15.759,
1000,dart_host,total_diagnostic_pipeline_ms,14,235.772,
1000,dart_host,utf8,15,3.458,
1000,dart_host,raw_money,15,51.747,
1000,dart_host,json_decode,15,8.574,
1000,dart_host,unicode,15,1.834,
1000,dart_host,presence_types,15,21.0,
1000,dart_host,money,15,0.968,
1000,dart_host,snapshot_authority_relationships,15,90.081,
1000,dart_host,freeze,15,5.751,
1000,dart_host,typed_models,15,0.346,
1000,dart_host,candidate,15,0.007,
1000,dart_host,parser_typed_ms,15,183.826,
1000,dart_host,baseline_construction_ms,15,0.007,
1000,dart_host,baseline_encode_ms,15,8.977,
1000,dart_host,baseline_publish_ms,15,32.71,
1000,dart_host,baseline_readback_ms,15,13.759,
1000,dart_host,total_diagnostic_pipeline_ms,15,239.288,
1000,dart_host,utf8,16,3.492,
1000,dart_host,raw_money,16,52.117,
1000,dart_host,json_decode,16,8.475,
1000,dart_host,unicode,16,1.8,
1000,dart_host,presence_types,16,19.172,
1000,dart_host,money,16,1.071,
1000,dart_host,snapshot_authority_relationships,16,87.123,
1000,dart_host,freeze,16,7.574,
1000,dart_host,typed_models,16,0.307,
1000,dart_host,candidate,16,0.007,
1000,dart_host,parser_typed_ms,16,181.197,
1000,dart_host,baseline_construction_ms,16,0.006,
1000,dart_host,baseline_encode_ms,16,8.977,
1000,dart_host,baseline_publish_ms,16,34.959,
1000,dart_host,baseline_readback_ms,16,13.749,
1000,dart_host,total_diagnostic_pipeline_ms,16,238.897,
1000,dart_host,utf8,17,3.491,
1000,dart_host,raw_money,17,51.845,
1000,dart_host,json_decode,17,8.629,
1000,dart_host,unicode,17,1.815,
1000,dart_host,presence_types,17,21.082,
1000,dart_host,money,17,0.97,
1000,dart_host,snapshot_authority_relationships,17,85.48,
1000,dart_host,freeze,17,4.933,
1000,dart_host,typed_models,17,0.301,
1000,dart_host,candidate,17,0.007,
1000,dart_host,parser_typed_ms,17,178.615,
1000,dart_host,baseline_construction_ms,17,0.006,
1000,dart_host,baseline_encode_ms,17,9.17,
1000,dart_host,baseline_publish_ms,17,33.936,
1000,dart_host,baseline_readback_ms,17,18.597,
1000,dart_host,total_diagnostic_pipeline_ms,17,240.335,
1000,dart_host,utf8,18,3.477,
1000,dart_host,raw_money,18,51.659,
1000,dart_host,json_decode,18,10.289,
1000,dart_host,unicode,18,1.702,
1000,dart_host,presence_types,18,19.348,
1000,dart_host,money,18,0.969,
1000,dart_host,snapshot_authority_relationships,18,86.295,
1000,dart_host,freeze,18,4.742,
1000,dart_host,typed_models,18,0.277,
1000,dart_host,candidate,18,0.007,
1000,dart_host,parser_typed_ms,18,178.821,
1000,dart_host,baseline_construction_ms,18,0.006,
1000,dart_host,baseline_encode_ms,18,9.828,
1000,dart_host,baseline_publish_ms,18,30.571,
1000,dart_host,baseline_readback_ms,18,13.589,
1000,dart_host,total_diagnostic_pipeline_ms,18,232.826,
1000,dart_host,utf8,19,3.451,
1000,dart_host,raw_money,19,51.249,
1000,dart_host,json_decode,19,8.574,
1000,dart_host,unicode,19,1.808,
1000,dart_host,presence_types,19,19.296,
1000,dart_host,money,19,1.065,
1000,dart_host,snapshot_authority_relationships,19,84.847,
1000,dart_host,freeze,19,7.485,
1000,dart_host,typed_models,19,0.326,
1000,dart_host,candidate,19,0.008,
1000,dart_host,parser_typed_ms,19,178.172,
1000,dart_host,baseline_construction_ms,19,0.006,
1000,dart_host,baseline_encode_ms,19,9.145,
1000,dart_host,baseline_publish_ms,19,34.559,
1000,dart_host,baseline_readback_ms,19,15.07,
1000,dart_host,total_diagnostic_pipeline_ms,19,236.962,
5000,dart_host,utf8,0,15.141,
5000,dart_host,raw_money,0,236.704,
5000,dart_host,json_decode,0,39.659,
5000,dart_host,unicode,0,14.201,
5000,dart_host,presence_types,0,89.128,
5000,dart_host,money,0,5.055,
5000,dart_host,snapshot_authority_relationships,0,418.97,
5000,dart_host,freeze,0,25.794,
5000,dart_host,typed_models,0,0.32,
5000,dart_host,candidate,0,0.007,
5000,dart_host,parser_typed_ms,0,845.063,
5000,dart_host,baseline_construction_ms,0,0.006,
5000,dart_host,baseline_encode_ms,0,43.885,
5000,dart_host,baseline_publish_ms,0,132.077,
5000,dart_host,baseline_readback_ms,0,67.724,
5000,dart_host,total_diagnostic_pipeline_ms,0,1088.769,
5000,dart_host,utf8,1,15.145,
5000,dart_host,raw_money,1,233.816,
5000,dart_host,json_decode,1,37.922,
5000,dart_host,unicode,1,15.566,
5000,dart_host,presence_types,1,88.729,
5000,dart_host,money,1,4.403,
5000,dart_host,snapshot_authority_relationships,1,415.801,
5000,dart_host,freeze,1,25.809,
5000,dart_host,typed_models,1,0.326,
5000,dart_host,candidate,1,0.008,
5000,dart_host,parser_typed_ms,1,837.619,
5000,dart_host,baseline_construction_ms,1,0.006,
5000,dart_host,baseline_encode_ms,1,39.837,
5000,dart_host,baseline_publish_ms,1,124.121,
5000,dart_host,baseline_readback_ms,1,80.311,
5000,dart_host,total_diagnostic_pipeline_ms,1,1081.908,
5000,dart_host,utf8,2,15.233,
5000,dart_host,raw_money,2,226.942,
5000,dart_host,json_decode,2,39.893,
5000,dart_host,unicode,2,13.58,
5000,dart_host,presence_types,2,94.384,
5000,dart_host,money,2,4.395,
5000,dart_host,snapshot_authority_relationships,2,406.62,
5000,dart_host,freeze,2,34.362,
5000,dart_host,typed_models,2,0.318,
5000,dart_host,candidate,2,0.008,
5000,dart_host,parser_typed_ms,2,835.819,
5000,dart_host,baseline_construction_ms,2,0.007,
5000,dart_host,baseline_encode_ms,2,42.186,
5000,dart_host,baseline_publish_ms,2,118.956,
5000,dart_host,baseline_readback_ms,2,91.465,
5000,dart_host,total_diagnostic_pipeline_ms,2,1088.444,
5000,dart_host,utf8,3,15.02,
5000,dart_host,raw_money,3,229.395,
5000,dart_host,json_decode,3,44.468,
5000,dart_host,unicode,3,7.64,
5000,dart_host,presence_types,3,96.984,
5000,dart_host,money,3,5.106,
5000,dart_host,snapshot_authority_relationships,3,410.926,
5000,dart_host,freeze,3,35.013,
5000,dart_host,typed_models,3,0.309,
5000,dart_host,candidate,3,0.008,
5000,dart_host,parser_typed_ms,3,844.947,
5000,dart_host,baseline_construction_ms,3,0.006,
5000,dart_host,baseline_encode_ms,3,41.07,
5000,dart_host,baseline_publish_ms,3,118.298,
5000,dart_host,baseline_readback_ms,3,66.704,
5000,dart_host,total_diagnostic_pipeline_ms,3,1071.037,
5000,dart_host,utf8,4,15.248,
5000,dart_host,raw_money,4,227.391,
5000,dart_host,json_decode,4,38.505,
5000,dart_host,unicode,4,15.085,
5000,dart_host,presence_types,4,90.397,
5000,dart_host,money,4,5.035,
5000,dart_host,snapshot_authority_relationships,4,421.514,
5000,dart_host,freeze,4,24.417,
5000,dart_host,typed_models,4,0.328,
5000,dart_host,candidate,4,0.008,
5000,dart_host,parser_typed_ms,4,838.007,
5000,dart_host,baseline_construction_ms,4,0.006,
5000,dart_host,baseline_encode_ms,4,45.47,
5000,dart_host,baseline_publish_ms,4,129.334,
5000,dart_host,baseline_readback_ms,4,66.189,
5000,dart_host,total_diagnostic_pipeline_ms,4,1079.02,
5000,dart_host,utf8,5,15.315,
5000,dart_host,raw_money,5,234.154,
5000,dart_host,json_decode,5,40.085,
5000,dart_host,unicode,5,13.67,
5000,dart_host,presence_types,5,89.467,
5000,dart_host,money,5,4.956,
5000,dart_host,snapshot_authority_relationships,5,418.652,
5000,dart_host,freeze,5,26.822,
5000,dart_host,typed_models,5,0.357,
5000,dart_host,candidate,5,0.009,
5000,dart_host,parser_typed_ms,5,843.567,
5000,dart_host,baseline_construction_ms,5,0.007,
5000,dart_host,baseline_encode_ms,5,42.553,
5000,dart_host,baseline_publish_ms,5,130.747,
5000,dart_host,baseline_readback_ms,5,76.249,
5000,dart_host,total_diagnostic_pipeline_ms,5,1093.136,
5000,dart_host,utf8,6,15.251,
5000,dart_host,raw_money,6,229.329,
5000,dart_host,json_decode,6,44.811,
5000,dart_host,unicode,6,7.627,
5000,dart_host,presence_types,6,93.45,
5000,dart_host,money,6,5.183,
5000,dart_host,snapshot_authority_relationships,6,419.69,
5000,dart_host,freeze,6,25.462,
5000,dart_host,typed_models,6,0.352,
5000,dart_host,candidate,6,0.008,
5000,dart_host,parser_typed_ms,6,841.24,
5000,dart_host,baseline_construction_ms,6,0.007,
5000,dart_host,baseline_encode_ms,6,46.35,
5000,dart_host,baseline_publish_ms,6,126.053,
5000,dart_host,baseline_readback_ms,6,66.431,
5000,dart_host,total_diagnostic_pipeline_ms,6,1080.096,
5000,dart_host,utf8,7,15.298,
5000,dart_host,raw_money,7,236.699,
5000,dart_host,json_decode,7,38.865,
5000,dart_host,unicode,7,15.343,
5000,dart_host,presence_types,7,89.38,
5000,dart_host,money,7,4.626,
5000,dart_host,snapshot_authority_relationships,7,420.135,
5000,dart_host,freeze,7,24.159,
5000,dart_host,typed_models,7,0.329,
5000,dart_host,candidate,7,0.009,
5000,dart_host,parser_typed_ms,7,844.929,
5000,dart_host,baseline_construction_ms,7,0.007,
5000,dart_host,baseline_encode_ms,7,42.453,
5000,dart_host,baseline_publish_ms,7,137.075,
5000,dart_host,baseline_readback_ms,7,66.403,
5000,dart_host,total_diagnostic_pipeline_ms,7,1090.879,
5000,dart_host,utf8,8,15.387,
5000,dart_host,raw_money,8,234.628,
5000,dart_host,json_decode,8,40.204,
5000,dart_host,unicode,8,13.776,
5000,dart_host,presence_types,8,89.24,
5000,dart_host,money,8,4.965,
5000,dart_host,snapshot_authority_relationships,8,419.831,
5000,dart_host,freeze,8,26.264,
5000,dart_host,typed_models,8,0.305,
5000,dart_host,candidate,8,0.008,
5000,dart_host,parser_typed_ms,8,844.691,
5000,dart_host,baseline_construction_ms,8,0.006,
5000,dart_host,baseline_encode_ms,8,43.11,
5000,dart_host,baseline_publish_ms,8,131.708,
5000,dart_host,baseline_readback_ms,8,78.487,
5000,dart_host,total_diagnostic_pipeline_ms,8,1098.014,
5000,dart_host,utf8,9,15.338,
5000,dart_host,raw_money,9,229.368,
5000,dart_host,json_decode,9,44.618,
5000,dart_host,unicode,9,7.579,
5000,dart_host,presence_types,9,90.559,
5000,dart_host,money,9,5.17,
5000,dart_host,snapshot_authority_relationships,9,415.45,
5000,dart_host,freeze,9,25.579,
5000,dart_host,typed_models,9,0.34,
5000,dart_host,candidate,9,0.008,
5000,dart_host,parser_typed_ms,9,834.085,
5000,dart_host,baseline_construction_ms,9,0.006,
5000,dart_host,baseline_encode_ms,9,42.44,
5000,dart_host,baseline_publish_ms,9,119.742,
5000,dart_host,baseline_readback_ms,9,83.735,
5000,dart_host,total_diagnostic_pipeline_ms,9,1080.02,
5000,dart_host,utf8,10,15.234,
5000,dart_host,raw_money,10,228.903,
5000,dart_host,json_decode,10,38.947,
5000,dart_host,unicode,10,15.102,
5000,dart_host,presence_types,10,96.363,
5000,dart_host,money,10,4.418,
5000,dart_host,snapshot_authority_relationships,10,410.949,
5000,dart_host,freeze,10,34.999,
5000,dart_host,typed_models,10,0.316,
5000,dart_host,candidate,10,0.008,
5000,dart_host,parser_typed_ms,10,845.323,
5000,dart_host,baseline_construction_ms,10,0.006,
5000,dart_host,baseline_encode_ms,10,41.684,
5000,dart_host,baseline_publish_ms,10,122.113,
5000,dart_host,baseline_readback_ms,10,66.802,
5000,dart_host,total_diagnostic_pipeline_ms,10,1075.942,
5000,dart_host,utf8,11,15.317,
5000,dart_host,raw_money,11,231.244,
5000,dart_host,json_decode,11,40.177,
5000,dart_host,unicode,11,13.536,
5000,dart_host,presence_types,11,89.622,
5000,dart_host,money,11,4.559,
5000,dart_host,snapshot_authority_relationships,11,419.529,
5000,dart_host,freeze,11,25.227,
5000,dart_host,typed_models,11,0.328,
5000,dart_host,candidate,11,0.008,
5000,dart_host,parser_typed_ms,11,839.63,
5000,dart_host,baseline_construction_ms,11,0.007,
5000,dart_host,baseline_encode_ms,11,45.702,
5000,dart_host,baseline_publish_ms,11,127.947,
5000,dart_host,baseline_readback_ms,11,77.62,
5000,dart_host,total_diagnostic_pipeline_ms,11,1090.918,
5000,dart_host,utf8,12,15.406,
5000,dart_host,raw_money,12,228.753,
5000,dart_host,json_decode,12,44.745,
5000,dart_host,unicode,12,7.712,
5000,dart_host,presence_types,12,93.286,
5000,dart_host,money,12,6.029,
5000,dart_host,snapshot_authority_relationships,12,429.76,
5000,dart_host,freeze,12,26.991,
5000,dart_host,typed_models,12,0.331,
5000,dart_host,candidate,12,0.008,
5000,dart_host,parser_typed_ms,12,853.108,
5000,dart_host,baseline_construction_ms,12,0.007,
5000,dart_host,baseline_encode_ms,12,46.655,
5000,dart_host,baseline_publish_ms,12,126.7,
5000,dart_host,baseline_readback_ms,12,67.571,
5000,dart_host,total_diagnostic_pipeline_ms,12,1094.056,
5000,dart_host,utf8,13,15.37,
5000,dart_host,raw_money,13,235.925,
5000,dart_host,json_decode,13,38.922,
5000,dart_host,unicode,13,15.166,
5000,dart_host,presence_types,13,89.609,
5000,dart_host,money,13,4.472,
5000,dart_host,snapshot_authority_relationships,13,419.239,
5000,dart_host,freeze,13,24.416,
5000,dart_host,typed_models,13,0.324,
5000,dart_host,candidate,13,0.008,
5000,dart_host,parser_typed_ms,13,843.533,
5000,dart_host,baseline_construction_ms,13,0.007,
5000,dart_host,baseline_encode_ms,13,42.918,
5000,dart_host,baseline_publish_ms,13,135.504,
5000,dart_host,baseline_readback_ms,13,66.942,
5000,dart_host,total_diagnostic_pipeline_ms,13,1088.916,
5000,dart_host,utf8,14,15.334,
5000,dart_host,raw_money,14,236.18,
5000,dart_host,json_decode,14,40.35,
5000,dart_host,unicode,14,13.729,
5000,dart_host,presence_types,14,89.403,
5000,dart_host,money,14,4.556,
5000,dart_host,snapshot_authority_relationships,14,420.307,
5000,dart_host,freeze,14,25.569,
5000,dart_host,typed_models,14,0.347,
5000,dart_host,candidate,14,0.013,
5000,dart_host,parser_typed_ms,14,845.871,
5000,dart_host,baseline_construction_ms,14,0.006,
5000,dart_host,baseline_encode_ms,14,43.546,
5000,dart_host,baseline_publish_ms,14,131.851,
5000,dart_host,baseline_readback_ms,14,78.55,
5000,dart_host,total_diagnostic_pipeline_ms,14,1099.841,
5000,dart_host,utf8,15,15.371,
5000,dart_host,raw_money,15,232.804,
5000,dart_host,json_decode,15,44.985,
5000,dart_host,unicode,15,7.671,
5000,dart_host,presence_types,15,93.024,
5000,dart_host,money,15,5.669,
5000,dart_host,snapshot_authority_relationships,15,434.436,
5000,dart_host,freeze,15,30.437,
5000,dart_host,typed_models,15,0.312,
5000,dart_host,candidate,15,0.007,
5000,dart_host,parser_typed_ms,15,864.809,
5000,dart_host,baseline_construction_ms,15,0.006,
5000,dart_host,baseline_encode_ms,15,42.067,
5000,dart_host,baseline_publish_ms,15,132.773,
5000,dart_host,baseline_readback_ms,15,77.005,
5000,dart_host,total_diagnostic_pipeline_ms,15,1116.674,
5000,dart_host,utf8,16,15.335,
5000,dart_host,raw_money,16,232.942,
5000,dart_host,json_decode,16,45.198,
5000,dart_host,unicode,16,7.743,
5000,dart_host,presence_types,16,91.709,
5000,dart_host,money,16,5.181,
5000,dart_host,snapshot_authority_relationships,16,427.288,
5000,dart_host,freeze,16,26.345,
5000,dart_host,typed_models,16,0.343,
5000,dart_host,candidate,16,0.008,
5000,dart_host,parser_typed_ms,16,852.171,
5000,dart_host,baseline_construction_ms,16,0.007,
5000,dart_host,baseline_encode_ms,16,46.682,
5000,dart_host,baseline_publish_ms,16,126.27,
5000,dart_host,baseline_readback_ms,16,67.052,
5000,dart_host,total_diagnostic_pipeline_ms,16,1092.197,
5000,dart_host,utf8,17,15.355,
5000,dart_host,raw_money,17,237.127,
5000,dart_host,json_decode,17,39.308,
5000,dart_host,unicode,17,15.192,
5000,dart_host,presence_types,17,89.748,
5000,dart_host,money,17,4.545,
5000,dart_host,snapshot_authority_relationships,17,421.041,
5000,dart_host,freeze,17,24.21,
5000,dart_host,typed_models,17,0.338,
5000,dart_host,candidate,17,0.008,
5000,dart_host,parser_typed_ms,17,846.953,
5000,dart_host,baseline_construction_ms,17,0.007,
5000,dart_host,baseline_encode_ms,17,42.912,
5000,dart_host,baseline_publish_ms,17,136.878,
5000,dart_host,baseline_readback_ms,17,68.109,
5000,dart_host,total_diagnostic_pipeline_ms,17,1094.885,
5000,dart_host,utf8,18,15.36,
5000,dart_host,raw_money,18,237.025,
5000,dart_host,json_decode,18,40.602,
5000,dart_host,unicode,18,13.733,
5000,dart_host,presence_types,18,91.57,
5000,dart_host,money,18,5.079,
5000,dart_host,snapshot_authority_relationships,18,421.552,
5000,dart_host,freeze,18,26.06,
5000,dart_host,typed_models,18,0.335,
5000,dart_host,candidate,18,0.008,
5000,dart_host,parser_typed_ms,18,851.403,
5000,dart_host,baseline_construction_ms,18,0.006,
5000,dart_host,baseline_encode_ms,18,44.047,
5000,dart_host,baseline_publish_ms,18,131.688,
5000,dart_host,baseline_readback_ms,18,79.324,
5000,dart_host,total_diagnostic_pipeline_ms,18,1106.482,
5000,dart_host,utf8,19,18.577,
5000,dart_host,raw_money,19,257.41,
5000,dart_host,json_decode,19,48.541,
5000,dart_host,unicode,19,8.462,
5000,dart_host,presence_types,19,95.221,
5000,dart_host,money,19,5.094,
5000,dart_host,snapshot_authority_relationships,19,423.99,
5000,dart_host,freeze,19,25.941,
5000,dart_host,typed_models,19,0.32,
5000,dart_host,candidate,19,0.007,
5000,dart_host,parser_typed_ms,19,883.648,
5000,dart_host,baseline_construction_ms,19,0.006,
5000,dart_host,baseline_encode_ms,19,45.317,
5000,dart_host,baseline_publish_ms,19,112.614,
5000,dart_host,baseline_readback_ms,19,84.87,
5000,dart_host,total_diagnostic_pipeline_ms,19,1126.471,
10000,dart_host,utf8,0,29.996,
10000,dart_host,raw_money,0,467.42,
10000,dart_host,json_decode,0,89.001,
10000,dart_host,unicode,0,15.799,
10000,dart_host,presence_types,0,175.106,
10000,dart_host,money,0,9.533,
10000,dart_host,snapshot_authority_relationships,0,854.541,
10000,dart_host,freeze,0,62.739,
10000,dart_host,typed_models,0,0.715,
10000,dart_host,candidate,0,0.008,
10000,dart_host,parser_typed_ms,0,1704.94,
10000,dart_host,baseline_construction_ms,0,0.007,
10000,dart_host,baseline_encode_ms,0,85.688,
10000,dart_host,baseline_publish_ms,0,236.364,
10000,dart_host,baseline_readback_ms,0,157.037,
10000,dart_host,total_diagnostic_pipeline_ms,0,2184.048,
10000,dart_host,utf8,1,30.282,
10000,dart_host,raw_money,1,469.288,
10000,dart_host,json_decode,1,89.608,
10000,dart_host,unicode,1,16.324,
10000,dart_host,presence_types,1,175.906,
10000,dart_host,money,1,9.565,
10000,dart_host,snapshot_authority_relationships,1,855.636,
10000,dart_host,freeze,1,62.693,
10000,dart_host,typed_models,1,0.915,
10000,dart_host,candidate,1,0.01,
10000,dart_host,parser_typed_ms,1,1710.31,
10000,dart_host,baseline_construction_ms,1,0.008,
10000,dart_host,baseline_encode_ms,1,85.939,
10000,dart_host,baseline_publish_ms,1,273.64,
10000,dart_host,baseline_readback_ms,1,166.224,
10000,dart_host,total_diagnostic_pipeline_ms,1,2236.134,
10000,dart_host,utf8,2,30.448,
10000,dart_host,raw_money,2,466.913,
10000,dart_host,json_decode,2,89.317,
10000,dart_host,unicode,2,16.053,
10000,dart_host,presence_types,2,175.138,
10000,dart_host,money,2,9.522,
10000,dart_host,snapshot_authority_relationships,2,859.813,
10000,dart_host,freeze,2,64.965,
10000,dart_host,typed_models,2,0.428,
10000,dart_host,candidate,2,0.01,
10000,dart_host,parser_typed_ms,2,1712.691,
10000,dart_host,baseline_construction_ms,2,0.007,
10000,dart_host,baseline_encode_ms,2,86.242,
10000,dart_host,baseline_publish_ms,2,232.965,
10000,dart_host,baseline_readback_ms,2,159.397,
10000,dart_host,total_diagnostic_pipeline_ms,2,2191.315,
10000,dart_host,utf8,3,30.346,
10000,dart_host,raw_money,3,466.747,
10000,dart_host,json_decode,3,89.859,
10000,dart_host,unicode,3,16.22,
10000,dart_host,presence_types,3,175.122,
10000,dart_host,money,3,9.741,
10000,dart_host,snapshot_authority_relationships,3,861.602,
10000,dart_host,freeze,3,64.638,
10000,dart_host,typed_models,3,0.43,
10000,dart_host,candidate,3,0.01,
10000,dart_host,parser_typed_ms,3,1714.802,
10000,dart_host,baseline_construction_ms,3,0.007,
10000,dart_host,baseline_encode_ms,3,85.545,
10000,dart_host,baseline_publish_ms,3,238.265,
10000,dart_host,baseline_readback_ms,3,156.385,
10000,dart_host,total_diagnostic_pipeline_ms,3,2195.016,
10000,dart_host,utf8,4,30.388,
10000,dart_host,raw_money,4,466.96,
10000,dart_host,json_decode,4,89.9,
10000,dart_host,unicode,4,16.02,
10000,dart_host,presence_types,4,175.154,
10000,dart_host,money,4,9.533,
10000,dart_host,snapshot_authority_relationships,4,865.907,
10000,dart_host,freeze,4,65.372,
10000,dart_host,typed_models,4,0.447,
10000,dart_host,candidate,4,0.009,
10000,dart_host,parser_typed_ms,4,1719.774,
10000,dart_host,baseline_construction_ms,4,0.008,
10000,dart_host,baseline_encode_ms,4,85.844,
10000,dart_host,baseline_publish_ms,4,246.664,
10000,dart_host,baseline_readback_ms,4,160.308,
10000,dart_host,total_diagnostic_pipeline_ms,4,2212.611,
10000,dart_host,utf8,5,30.438,
10000,dart_host,raw_money,5,468.5,
10000,dart_host,json_decode,5,90.228,
10000,dart_host,unicode,5,16.29,
10000,dart_host,presence_types,5,175.748,
10000,dart_host,money,5,9.984,
10000,dart_host,snapshot_authority_relationships,5,865.104,
10000,dart_host,freeze,5,69.098,
10000,dart_host,typed_models,5,0.332,
10000,dart_host,candidate,5,0.008,
10000,dart_host,parser_typed_ms,5,1725.81,
10000,dart_host,baseline_construction_ms,5,0.006,
10000,dart_host,baseline_encode_ms,5,83.895,
10000,dart_host,baseline_publish_ms,5,241.749,
10000,dart_host,baseline_readback_ms,5,156.849,
10000,dart_host,total_diagnostic_pipeline_ms,5,2208.323,
10000,dart_host,utf8,6,30.319,
10000,dart_host,raw_money,6,470.081,
10000,dart_host,json_decode,6,90.187,
10000,dart_host,unicode,6,16.105,
10000,dart_host,presence_types,6,175.522,
10000,dart_host,money,6,9.693,
10000,dart_host,snapshot_authority_relationships,6,864.602,
10000,dart_host,freeze,6,67.839,
10000,dart_host,typed_models,6,0.388,
10000,dart_host,candidate,6,0.008,
10000,dart_host,parser_typed_ms,6,1724.828,
10000,dart_host,baseline_construction_ms,6,0.006,
10000,dart_host,baseline_encode_ms,6,84.857,
10000,dart_host,baseline_publish_ms,6,258.705,
10000,dart_host,baseline_readback_ms,6,182.689,
10000,dart_host,total_diagnostic_pipeline_ms,6,2251.098,
10000,dart_host,utf8,7,35.5,
10000,dart_host,raw_money,7,551.494,
10000,dart_host,json_decode,7,106.212,
10000,dart_host,unicode,7,19.282,
10000,dart_host,presence_types,7,207.142,
10000,dart_host,money,7,11.458,
10000,dart_host,snapshot_authority_relationships,7,1003.275,
10000,dart_host,freeze,7,72.516,
10000,dart_host,typed_models,7,0.46,
10000,dart_host,candidate,7,0.01,
10000,dart_host,parser_typed_ms,7,2007.446,
10000,dart_host,baseline_construction_ms,7,0.008,
10000,dart_host,baseline_encode_ms,7,102.766,
10000,dart_host,baseline_publish_ms,7,275.664,
10000,dart_host,baseline_readback_ms,7,182.248,
10000,dart_host,total_diagnostic_pipeline_ms,7,2568.146,
10000,dart_host,utf8,8,35.277,
10000,dart_host,raw_money,8,547.708,
10000,dart_host,json_decode,8,104.8,
10000,dart_host,unicode,8,18.602,
10000,dart_host,presence_types,8,205.49,
10000,dart_host,money,8,11.08,
10000,dart_host,snapshot_authority_relationships,8,1001.316,
10000,dart_host,freeze,8,70.32,
10000,dart_host,typed_models,8,0.794,
10000,dart_host,candidate,8,0.011,
10000,dart_host,parser_typed_ms,8,1995.543,
10000,dart_host,baseline_construction_ms,8,0.008,
10000,dart_host,baseline_encode_ms,8,99.876,
10000,dart_host,baseline_publish_ms,8,271.078,
10000,dart_host,baseline_readback_ms,8,178.768,
10000,dart_host,total_diagnostic_pipeline_ms,8,2545.287,
10000,dart_host,utf8,9,35.113,
10000,dart_host,raw_money,9,541.273,
10000,dart_host,json_decode,9,104.088,
10000,dart_host,unicode,9,18.908,
10000,dart_host,presence_types,9,207.203,
10000,dart_host,money,9,11.278,
10000,dart_host,snapshot_authority_relationships,9,991.152,
10000,dart_host,freeze,9,71.152,
10000,dart_host,typed_models,9,0.776,
10000,dart_host,candidate,9,0.01,
10000,dart_host,parser_typed_ms,9,1981.045,
10000,dart_host,baseline_construction_ms,9,0.008,
10000,dart_host,baseline_encode_ms,9,99.64,
10000,dart_host,baseline_publish_ms,9,271.072,
10000,dart_host,baseline_readback_ms,9,177.648,
10000,dart_host,total_diagnostic_pipeline_ms,9,2529.426,
10000,dart_host,utf8,10,35.105,
10000,dart_host,raw_money,10,566.025,
10000,dart_host,json_decode,10,104.553,
10000,dart_host,unicode,10,18.657,
10000,dart_host,presence_types,10,204.873,
10000,dart_host,money,10,11.215,
10000,dart_host,snapshot_authority_relationships,10,989.215,
10000,dart_host,freeze,10,71.53,
10000,dart_host,typed_models,10,0.734,
10000,dart_host,candidate,10,0.01,
10000,dart_host,parser_typed_ms,10,2002.01,
10000,dart_host,baseline_construction_ms,10,0.007,
10000,dart_host,baseline_encode_ms,10,99.31,
10000,dart_host,baseline_publish_ms,10,271.34,
10000,dart_host,baseline_readback_ms,10,191.55,
10000,dart_host,total_diagnostic_pipeline_ms,10,2564.232,
10000,dart_host,utf8,11,35.265,
10000,dart_host,raw_money,11,548.107,
10000,dart_host,json_decode,11,104.279,
10000,dart_host,unicode,11,18.951,
10000,dart_host,presence_types,11,204.393,
10000,dart_host,money,11,11.578,
10000,dart_host,snapshot_authority_relationships,11,990.235,
10000,dart_host,freeze,11,73.499,
10000,dart_host,typed_models,11,0.371,
10000,dart_host,candidate,11,0.009,
10000,dart_host,parser_typed_ms,11,1986.778,
10000,dart_host,baseline_construction_ms,11,0.007,
10000,dart_host,baseline_encode_ms,11,97.495,
10000,dart_host,baseline_publish_ms,11,271.532,
10000,dart_host,baseline_readback_ms,11,177.739,
10000,dart_host,total_diagnostic_pipeline_ms,11,2533.565,
10000,dart_host,utf8,12,35.064,
10000,dart_host,raw_money,12,542.468,
10000,dart_host,json_decode,12,104.318,
10000,dart_host,unicode,12,18.711,
10000,dart_host,presence_types,12,202.489,
10000,dart_host,money,12,11.168,
10000,dart_host,snapshot_authority_relationships,12,986.644,
10000,dart_host,freeze,12,73.295,
10000,dart_host,typed_models,12,0.363,
10000,dart_host,candidate,12,0.009,
10000,dart_host,parser_typed_ms,12,1974.62,
10000,dart_host,baseline_construction_ms,12,0.006,
10000,dart_host,baseline_encode_ms,12,97.429,
10000,dart_host,baseline_publish_ms,12,269.927,
10000,dart_host,baseline_readback_ms,12,177.678,
10000,dart_host,total_diagnostic_pipeline_ms,12,2519.675,
10000,dart_host,utf8,13,35.26,
10000,dart_host,raw_money,13,537.823,
10000,dart_host,json_decode,13,103.523,
10000,dart_host,unicode,13,18.941,
10000,dart_host,presence_types,13,203.839,
10000,dart_host,money,13,11.315,
10000,dart_host,snapshot_authority_relationships,13,985.551,
10000,dart_host,freeze,13,73.684,
10000,dart_host,typed_models,13,0.366,
10000,dart_host,candidate,13,0.009,
10000,dart_host,parser_typed_ms,13,1970.401,
10000,dart_host,baseline_construction_ms,13,0.007,
10000,dart_host,baseline_encode_ms,13,96.95,
10000,dart_host,baseline_publish_ms,13,270.56,
10000,dart_host,baseline_readback_ms,13,177.815,
10000,dart_host,total_diagnostic_pipeline_ms,13,2515.746,
10000,dart_host,utf8,14,34.74,
10000,dart_host,raw_money,14,543.226,
10000,dart_host,json_decode,14,104.028,
10000,dart_host,unicode,14,18.473,
10000,dart_host,presence_types,14,203.19,
10000,dart_host,money,14,11.082,
10000,dart_host,snapshot_authority_relationships,14,983.932,
10000,dart_host,freeze,14,70.896,
10000,dart_host,typed_models,14,0.453,
10000,dart_host,candidate,14,0.011,
10000,dart_host,parser_typed_ms,14,1970.12,
10000,dart_host,baseline_construction_ms,14,0.007,
10000,dart_host,baseline_encode_ms,14,100.344,
10000,dart_host,baseline_publish_ms,14,269.739,
10000,dart_host,baseline_readback_ms,14,177.722,
10000,dart_host,total_diagnostic_pipeline_ms,14,2517.947,
10000,dart_host,utf8,15,34.824,
10000,dart_host,raw_money,15,538.456,
10000,dart_host,json_decode,15,104.296,
10000,dart_host,unicode,15,18.874,
10000,dart_host,presence_types,15,202.276,
10000,dart_host,money,15,11.41,
10000,dart_host,snapshot_authority_relationships,15,985.263,
10000,dart_host,freeze,15,74.181,
10000,dart_host,typed_models,15,0.363,
10000,dart_host,candidate,15,0.008,
10000,dart_host,parser_typed_ms,15,1970.044,
10000,dart_host,baseline_construction_ms,15,0.006,
10000,dart_host,baseline_encode_ms,15,97.204,
10000,dart_host,baseline_publish_ms,15,269.727,
10000,dart_host,baseline_readback_ms,15,176.688,
10000,dart_host,total_diagnostic_pipeline_ms,15,2513.684,
10000,dart_host,utf8,16,35.263,
10000,dart_host,raw_money,16,541.888,
10000,dart_host,json_decode,16,104.128,
10000,dart_host,unicode,16,18.596,
10000,dart_host,presence_types,16,203.294,
10000,dart_host,money,16,11.142,
10000,dart_host,snapshot_authority_relationships,16,984.579,
10000,dart_host,freeze,16,73.387,
10000,dart_host,typed_models,16,0.376,
10000,dart_host,candidate,16,0.009,
10000,dart_host,parser_typed_ms,16,1972.754,
10000,dart_host,baseline_construction_ms,16,0.007,
10000,dart_host,baseline_encode_ms,16,97.885,
10000,dart_host,baseline_publish_ms,16,269.98,
10000,dart_host,baseline_readback_ms,16,177.787,
10000,dart_host,total_diagnostic_pipeline_ms,16,2518.428,
10000,dart_host,utf8,17,35.025,
10000,dart_host,raw_money,17,541.879,
10000,dart_host,json_decode,17,103.596,
10000,dart_host,unicode,17,18.913,
10000,dart_host,presence_types,17,203.776,
10000,dart_host,money,17,11.466,
10000,dart_host,snapshot_authority_relationships,17,988.524,
10000,dart_host,freeze,17,73.429,
10000,dart_host,typed_models,17,0.361,
10000,dart_host,candidate,17,0.008,
10000,dart_host,parser_typed_ms,17,1977.082,
10000,dart_host,baseline_construction_ms,17,0.007,
10000,dart_host,baseline_encode_ms,17,97.641,
10000,dart_host,baseline_publish_ms,17,269.437,
10000,dart_host,baseline_readback_ms,17,176.484,
10000,dart_host,total_diagnostic_pipeline_ms,17,2520.664,
10000,dart_host,utf8,18,34.835,
10000,dart_host,raw_money,18,537.995,
10000,dart_host,json_decode,18,103.494,
10000,dart_host,unicode,18,18.522,
10000,dart_host,presence_types,18,202.527,
10000,dart_host,money,18,11.154,
10000,dart_host,snapshot_authority_relationships,18,987.21,
10000,dart_host,freeze,18,72.983,
10000,dart_host,typed_models,18,0.351,
10000,dart_host,candidate,18,0.009,
10000,dart_host,parser_typed_ms,18,1969.168,
10000,dart_host,baseline_construction_ms,18,0.006,
10000,dart_host,baseline_encode_ms,18,95.989,
10000,dart_host,baseline_publish_ms,18,267.871,
10000,dart_host,baseline_readback_ms,18,177.849,
10000,dart_host,total_diagnostic_pipeline_ms,18,2510.898,
10000,dart_host,utf8,19,34.865,
10000,dart_host,raw_money,19,536.23,
10000,dart_host,json_decode,19,103.062,
10000,dart_host,unicode,19,18.856,
10000,dart_host,presence_types,19,202.376,
10000,dart_host,money,19,11.492,
10000,dart_host,snapshot_authority_relationships,19,986.42,
10000,dart_host,freeze,19,71.172,
10000,dart_host,typed_models,19,0.622,
10000,dart_host,candidate,19,0.01,
10000,dart_host,parser_typed_ms,19,1965.194,
10000,dart_host,baseline_construction_ms,19,0.006,
10000,dart_host,baseline_encode_ms,19,99.54,
10000,dart_host,baseline_publish_ms,19,269.451,
10000,dart_host,baseline_readback_ms,19,176.628,
10000,dart_host,total_diagnostic_pipeline_ms,19,2510.833,
heavy600,dart_host,utf8,0,10.791,
heavy600,dart_host,raw_money,0,158.108,
heavy600,dart_host,json_decode,0,25.702,
heavy600,dart_host,unicode,0,5.372,
heavy600,dart_host,presence_types,0,89.158,
heavy600,dart_host,money,0,3.126,
heavy600,dart_host,snapshot_authority_relationships,0,178.983,
heavy600,dart_host,freeze,0,15.774,
heavy600,dart_host,typed_models,0,2.729,
heavy600,dart_host,candidate,0,0.009,
heavy600,dart_host,parser_typed_ms,0,489.832,
heavy600,dart_host,baseline_construction_ms,0,0.007,
heavy600,dart_host,baseline_encode_ms,0,27.314,
heavy600,dart_host,baseline_publish_ms,0,81.977,
heavy600,dart_host,baseline_readback_ms,0,39.904,
heavy600,dart_host,total_diagnostic_pipeline_ms,0,639.046,
heavy600,dart_host,utf8,1,10.764,
heavy600,dart_host,raw_money,1,156.88,
heavy600,dart_host,json_decode,1,28.475,
heavy600,dart_host,unicode,1,5.197,
heavy600,dart_host,presence_types,1,84.678,
heavy600,dart_host,money,1,3.719,
heavy600,dart_host,snapshot_authority_relationships,1,184.34,
heavy600,dart_host,freeze,1,16.851,
heavy600,dart_host,typed_models,1,2.695,
heavy600,dart_host,candidate,1,0.009,
heavy600,dart_host,parser_typed_ms,1,493.694,
heavy600,dart_host,baseline_construction_ms,1,0.007,
heavy600,dart_host,baseline_encode_ms,1,27.914,
heavy600,dart_host,baseline_publish_ms,1,79.249,
heavy600,dart_host,baseline_readback_ms,1,41.526,
heavy600,dart_host,total_diagnostic_pipeline_ms,1,642.403,
heavy600,dart_host,utf8,2,10.875,
heavy600,dart_host,raw_money,2,157.116,
heavy600,dart_host,json_decode,2,25.392,
heavy600,dart_host,unicode,2,10.389,
heavy600,dart_host,presence_types,2,87.771,
heavy600,dart_host,money,2,2.937,
heavy600,dart_host,snapshot_authority_relationships,2,171.892,
heavy600,dart_host,freeze,2,13.821,
heavy600,dart_host,typed_models,2,2.689,
heavy600,dart_host,candidate,2,0.009,
heavy600,dart_host,parser_typed_ms,2,482.977,
heavy600,dart_host,baseline_construction_ms,2,0.007,
heavy600,dart_host,baseline_encode_ms,2,31.422,
heavy600,dart_host,baseline_publish_ms,2,86.307,
heavy600,dart_host,baseline_readback_ms,2,52.748,
heavy600,dart_host,total_diagnostic_pipeline_ms,2,653.476,
heavy600,dart_host,utf8,3,10.567,
heavy600,dart_host,raw_money,3,155.937,
heavy600,dart_host,json_decode,3,25.633,
heavy600,dart_host,unicode,3,5.375,
heavy600,dart_host,presence_types,3,87.808,
heavy600,dart_host,money,3,2.824,
heavy600,dart_host,snapshot_authority_relationships,3,175.52,
heavy600,dart_host,freeze,3,15.527,
heavy600,dart_host,typed_models,3,2.676,
heavy600,dart_host,candidate,3,0.009,
heavy600,dart_host,parser_typed_ms,3,481.964,
heavy600,dart_host,baseline_construction_ms,3,0.008,
heavy600,dart_host,baseline_encode_ms,3,27.412,
heavy600,dart_host,baseline_publish_ms,3,81.338,
heavy600,dart_host,baseline_readback_ms,3,38.738,
heavy600,dart_host,total_diagnostic_pipeline_ms,3,629.472,
heavy600,dart_host,utf8,4,10.721,
heavy600,dart_host,raw_money,4,156.866,
heavy600,dart_host,json_decode,4,28.67,
heavy600,dart_host,unicode,4,5.134,
heavy600,dart_host,presence_types,4,83.421,
heavy600,dart_host,money,4,3.588,
heavy600,dart_host,snapshot_authority_relationships,4,181.033,
heavy600,dart_host,freeze,4,14.134,
heavy600,dart_host,typed_models,4,5.777,
heavy600,dart_host,candidate,4,0.009,
heavy600,dart_host,parser_typed_ms,4,489.438,
heavy600,dart_host,baseline_construction_ms,4,0.007,
heavy600,dart_host,baseline_encode_ms,4,27.432,
heavy600,dart_host,baseline_publish_ms,4,77.233,
heavy600,dart_host,baseline_readback_ms,4,41.899,
heavy600,dart_host,total_diagnostic_pipeline_ms,4,636.022,
heavy600,dart_host,utf8,5,10.684,
heavy600,dart_host,raw_money,5,163.107,
heavy600,dart_host,json_decode,5,25.433,
heavy600,dart_host,unicode,5,10.901,
heavy600,dart_host,presence_types,5,83.869,
heavy600,dart_host,money,5,2.998,
heavy600,dart_host,snapshot_authority_relationships,5,175.94,
heavy600,dart_host,freeze,5,14.156,
heavy600,dart_host,typed_models,5,2.672,
heavy600,dart_host,candidate,5,0.009,
heavy600,dart_host,parser_typed_ms,5,489.859,
heavy600,dart_host,baseline_construction_ms,5,0.007,
heavy600,dart_host,baseline_encode_ms,5,31.254,
heavy600,dart_host,baseline_publish_ms,5,80.663,
heavy600,dart_host,baseline_readback_ms,5,41.852,
heavy600,dart_host,total_diagnostic_pipeline_ms,5,643.648,
heavy600,dart_host,utf8,6,10.768,
heavy600,dart_host,raw_money,6,156.169,
heavy600,dart_host,json_decode,6,25.72,
heavy600,dart_host,unicode,6,10.609,
heavy600,dart_host,presence_types,6,87.281,
heavy600,dart_host,money,6,3.14,
heavy600,dart_host,snapshot_authority_relationships,6,172.488,
heavy600,dart_host,freeze,6,14.848,
heavy600,dart_host,typed_models,6,2.768,
heavy600,dart_host,candidate,6,0.01,
heavy600,dart_host,parser_typed_ms,6,483.887,
heavy600,dart_host,baseline_construction_ms,6,0.007,
heavy600,dart_host,baseline_encode_ms,6,32.196,
heavy600,dart_host,baseline_publish_ms,6,76.742,
heavy600,dart_host,baseline_readback_ms,6,50.111,
heavy600,dart_host,total_diagnostic_pipeline_ms,6,642.957,
heavy600,dart_host,utf8,7,10.61,
heavy600,dart_host,raw_money,7,156.566,
heavy600,dart_host,json_decode,7,26.039,
heavy600,dart_host,unicode,7,5.525,
heavy600,dart_host,presence_types,7,87.932,
heavy600,dart_host,money,7,2.929,
heavy600,dart_host,snapshot_authority_relationships,7,173.114,
heavy600,dart_host,freeze,7,14.945,
heavy600,dart_host,typed_models,7,2.657,
heavy600,dart_host,candidate,7,0.009,
heavy600,dart_host,parser_typed_ms,7,480.408,
heavy600,dart_host,baseline_construction_ms,7,0.008,
heavy600,dart_host,baseline_encode_ms,7,30.396,
heavy600,dart_host,baseline_publish_ms,7,81.873,
heavy600,dart_host,baseline_readback_ms,7,39.438,
heavy600,dart_host,total_diagnostic_pipeline_ms,7,632.137,
heavy600,dart_host,utf8,8,10.748,
heavy600,dart_host,raw_money,8,157.449,
heavy600,dart_host,json_decode,8,25.629,
heavy600,dart_host,unicode,8,5.407,
heavy600,dart_host,presence_types,8,89.897,
heavy600,dart_host,money,8,3.622,
heavy600,dart_host,snapshot_authority_relationships,8,181.813,
heavy600,dart_host,freeze,8,15.097,
heavy600,dart_host,typed_models,8,2.766,
heavy600,dart_host,candidate,8,0.009,
heavy600,dart_host,parser_typed_ms,8,492.512,
heavy600,dart_host,baseline_construction_ms,8,0.007,
heavy600,dart_host,baseline_encode_ms,8,31.288,
heavy600,dart_host,baseline_publish_ms,8,79.949,
heavy600,dart_host,baseline_readback_ms,8,39.272,
heavy600,dart_host,total_diagnostic_pipeline_ms,8,643.041,
heavy600,dart_host,utf8,9,10.725,
heavy600,dart_host,raw_money,9,157.281,
heavy600,dart_host,json_decode,9,25.351,
heavy600,dart_host,unicode,9,5.544,
heavy600,dart_host,presence_types,9,89.13,
heavy600,dart_host,money,9,3.118,
heavy600,dart_host,snapshot_authority_relationships,9,179.068,
heavy600,dart_host,freeze,9,14.434,
heavy600,dart_host,typed_models,9,2.672,
heavy600,dart_host,candidate,9,0.009,
heavy600,dart_host,parser_typed_ms,9,487.412,
heavy600,dart_host,baseline_construction_ms,9,0.007,
heavy600,dart_host,baseline_encode_ms,9,27.37,
heavy600,dart_host,baseline_publish_ms,9,81.335,
heavy600,dart_host,baseline_readback_ms,9,39.105,
heavy600,dart_host,total_diagnostic_pipeline_ms,9,635.244,
heavy600,dart_host,utf8,10,10.649,
heavy600,dart_host,raw_money,10,158.146,
heavy600,dart_host,json_decode,10,27.444,
heavy600,dart_host,unicode,10,5.217,
heavy600,dart_host,presence_types,10,84.2,
heavy600,dart_host,money,10,3.246,
heavy600,dart_host,snapshot_authority_relationships,10,182.866,
heavy600,dart_host,freeze,10,15.982,
heavy600,dart_host,typed_models,10,3.037,
heavy600,dart_host,candidate,10,0.01,
heavy600,dart_host,parser_typed_ms,10,490.881,
heavy600,dart_host,baseline_construction_ms,10,0.006,
heavy600,dart_host,baseline_encode_ms,10,27.791,
heavy600,dart_host,baseline_publish_ms,10,78.139,
heavy600,dart_host,baseline_readback_ms,10,41.79,
heavy600,dart_host,total_diagnostic_pipeline_ms,10,638.621,
heavy600,dart_host,utf8,11,10.805,
heavy600,dart_host,raw_money,11,167.045,
heavy600,dart_host,json_decode,11,29.871,
heavy600,dart_host,unicode,11,5.269,
heavy600,dart_host,presence_types,11,83.997,
heavy600,dart_host,money,11,2.916,
heavy600,dart_host,snapshot_authority_relationships,11,175.443,
heavy600,dart_host,freeze,11,13.761,
heavy600,dart_host,typed_models,11,2.724,
heavy600,dart_host,candidate,11,0.01,
heavy600,dart_host,parser_typed_ms,11,491.924,
heavy600,dart_host,baseline_construction_ms,11,0.007,
heavy600,dart_host,baseline_encode_ms,11,30.007,
heavy600,dart_host,baseline_publish_ms,11,75.564,
heavy600,dart_host,baseline_readback_ms,11,41.613,
heavy600,dart_host,total_diagnostic_pipeline_ms,11,639.129,
heavy600,dart_host,utf8,12,10.709,
heavy600,dart_host,raw_money,12,157.215,
heavy600,dart_host,json_decode,12,25.628,
heavy600,dart_host,unicode,12,10.464,
heavy600,dart_host,presence_types,12,87.688,
heavy600,dart_host,money,12,3.047,
heavy600,dart_host,snapshot_authority_relationships,12,172.377,
heavy600,dart_host,freeze,12,13.905,
heavy600,dart_host,typed_models,12,2.737,
heavy600,dart_host,candidate,12,0.009,
heavy600,dart_host,parser_typed_ms,12,483.864,
heavy600,dart_host,baseline_construction_ms,12,0.007,
heavy600,dart_host,baseline_encode_ms,12,31.713,
heavy600,dart_host,baseline_publish_ms,12,80.101,
heavy600,dart_host,baseline_readback_ms,12,42.735,
heavy600,dart_host,total_diagnostic_pipeline_ms,12,638.433,
heavy600,dart_host,utf8,13,10.746,
heavy600,dart_host,raw_money,13,157.085,
heavy600,dart_host,json_decode,13,25.666,
heavy600,dart_host,unicode,13,10.691,
heavy600,dart_host,presence_types,13,83.684,
heavy600,dart_host,money,13,3.281,
heavy600,dart_host,snapshot_authority_relationships,13,177.814,
heavy600,dart_host,freeze,13,14.802,
heavy600,dart_host,typed_models,13,2.882,
heavy600,dart_host,candidate,13,0.009,
heavy600,dart_host,parser_typed_ms,13,486.746,
heavy600,dart_host,baseline_construction_ms,13,0.007,
heavy600,dart_host,baseline_encode_ms,13,30.778,
heavy600,dart_host,baseline_publish_ms,13,79.883,
heavy600,dart_host,baseline_readback_ms,13,44.892,
heavy600,dart_host,total_diagnostic_pipeline_ms,13,642.318,
heavy600,dart_host,utf8,14,10.821,
heavy600,dart_host,raw_money,14,156.603,
heavy600,dart_host,json_decode,14,25.456,
heavy600,dart_host,unicode,14,10.545,
heavy600,dart_host,presence_types,14,84.163,
heavy600,dart_host,money,14,3.399,
heavy600,dart_host,snapshot_authority_relationships,14,175.94,
heavy600,dart_host,freeze,14,13.927,
heavy600,dart_host,typed_models,14,2.775,
heavy600,dart_host,candidate,14,0.009,
heavy600,dart_host,parser_typed_ms,14,483.721,
heavy600,dart_host,baseline_construction_ms,14,0.007,
heavy600,dart_host,baseline_encode_ms,14,31.34,
heavy600,dart_host,baseline_publish_ms,14,79.949,
heavy600,dart_host,baseline_readback_ms,14,42.829,
heavy600,dart_host,total_diagnostic_pipeline_ms,14,637.86,
heavy600,dart_host,utf8,15,10.645,
heavy600,dart_host,raw_money,15,163.395,
heavy600,dart_host,json_decode,15,25.821,
heavy600,dart_host,unicode,15,10.84,
heavy600,dart_host,presence_types,15,83.737,
heavy600,dart_host,money,15,3.067,
heavy600,dart_host,snapshot_authority_relationships,15,176.921,
heavy600,dart_host,freeze,15,14.251,
heavy600,dart_host,typed_models,15,2.759,
heavy600,dart_host,candidate,15,0.009,
heavy600,dart_host,parser_typed_ms,15,491.533,
heavy600,dart_host,baseline_construction_ms,15,0.008,
heavy600,dart_host,baseline_encode_ms,15,31.164,
heavy600,dart_host,baseline_publish_ms,15,78.999,
heavy600,dart_host,baseline_readback_ms,15,42.226,
heavy600,dart_host,total_diagnostic_pipeline_ms,15,643.943,
heavy600,dart_host,utf8,16,10.751,
heavy600,dart_host,raw_money,16,156.435,
heavy600,dart_host,json_decode,16,25.362,
heavy600,dart_host,unicode,16,5.346,
heavy600,dart_host,presence_types,16,89.879,
heavy600,dart_host,money,16,3.284,
heavy600,dart_host,snapshot_authority_relationships,16,179.405,
heavy600,dart_host,freeze,16,16.573,
heavy600,dart_host,typed_models,16,2.774,
heavy600,dart_host,candidate,16,0.009,
heavy600,dart_host,parser_typed_ms,16,489.898,
heavy600,dart_host,baseline_construction_ms,16,0.007,
heavy600,dart_host,baseline_encode_ms,16,27.765,
heavy600,dart_host,baseline_publish_ms,16,78.879,
heavy600,dart_host,baseline_readback_ms,16,40.511,
heavy600,dart_host,total_diagnostic_pipeline_ms,16,637.073,
heavy600,dart_host,utf8,17,10.79,
heavy600,dart_host,raw_money,17,157.343,
heavy600,dart_host,json_decode,17,27.753,
heavy600,dart_host,unicode,17,5.208,
heavy600,dart_host,presence_types,17,85.115,
heavy600,dart_host,money,17,3.364,
heavy600,dart_host,snapshot_authority_relationships,17,180.978,
heavy600,dart_host,freeze,17,16.124,
heavy600,dart_host,typed_models,17,2.729,
heavy600,dart_host,candidate,17,0.009,
heavy600,dart_host,parser_typed_ms,17,489.503,
heavy600,dart_host,baseline_construction_ms,17,0.008,
heavy600,dart_host,baseline_encode_ms,17,27.493,
heavy600,dart_host,baseline_publish_ms,17,76.962,
heavy600,dart_host,baseline_readback_ms,17,41.948,
heavy600,dart_host,total_diagnostic_pipeline_ms,17,635.927,
heavy600,dart_host,utf8,18,10.768,
heavy600,dart_host,raw_money,18,162.866,
heavy600,dart_host,json_decode,18,30.122,
heavy600,dart_host,unicode,18,5.103,
heavy600,dart_host,presence_types,18,83.828,
heavy600,dart_host,money,18,3.208,
heavy600,dart_host,snapshot_authority_relationships,18,176.454,
heavy600,dart_host,freeze,18,13.97,
heavy600,dart_host,typed_models,18,2.711,
heavy600,dart_host,candidate,18,0.009,
heavy600,dart_host,parser_typed_ms,18,489.122,
heavy600,dart_host,baseline_construction_ms,18,0.007,
heavy600,dart_host,baseline_encode_ms,18,30.161,
heavy600,dart_host,baseline_publish_ms,18,75.898,
heavy600,dart_host,baseline_readback_ms,18,41.436,
heavy600,dart_host,total_diagnostic_pipeline_ms,18,636.638,
heavy600,dart_host,utf8,19,10.79,
heavy600,dart_host,raw_money,19,158.063,
heavy600,dart_host,json_decode,19,25.492,
heavy600,dart_host,unicode,19,10.672,
heavy600,dart_host,presence_types,19,86.923,
heavy600,dart_host,money,19,3.063,
heavy600,dart_host,snapshot_authority_relationships,19,172.575,
heavy600,dart_host,freeze,19,14.009,
heavy600,dart_host,typed_models,19,2.719,
heavy600,dart_host,candidate,19,0.009,
heavy600,dart_host,parser_typed_ms,19,484.399,
heavy600,dart_host,baseline_construction_ms,19,0.007,
heavy600,dart_host,baseline_encode_ms,19,32.15,
heavy600,dart_host,baseline_publish_ms,19,81.823,
heavy600,dart_host,baseline_readback_ms,19,42.985,
heavy600,dart_host,total_diagnostic_pipeline_ms,19,641.378,
varied10000,dart_host,utf8,0,35.645,
varied10000,dart_host,raw_money,0,506.723,
varied10000,dart_host,json_decode,0,96.383,
varied10000,dart_host,unicode,0,25.26,
varied10000,dart_host,presence_types,0,185.742,
varied10000,dart_host,money,0,11.254,
varied10000,dart_host,snapshot_authority_relationships,0,1006.998,
varied10000,dart_host,freeze,0,71.302,
varied10000,dart_host,typed_models,0,0.433,
varied10000,dart_host,candidate,0,0.009,
varied10000,dart_host,parser_typed_ms,0,1939.86,
varied10000,dart_host,baseline_construction_ms,0,0.007,
varied10000,dart_host,baseline_encode_ms,0,100.168,
varied10000,dart_host,baseline_publish_ms,0,281.128,
varied10000,dart_host,baseline_readback_ms,0,162.77,
varied10000,dart_host,total_diagnostic_pipeline_ms,0,2483.948,
varied10000,dart_host,utf8,1,35.579,
varied10000,dart_host,raw_money,1,495.586,
varied10000,dart_host,json_decode,1,109.472,
varied10000,dart_host,unicode,1,20.011,
varied10000,dart_host,presence_types,1,187.472,
varied10000,dart_host,money,1,9.928,
varied10000,dart_host,snapshot_authority_relationships,1,1007.749,
varied10000,dart_host,freeze,1,68.395,
varied10000,dart_host,typed_models,1,0.361,
varied10000,dart_host,candidate,1,0.009,
varied10000,dart_host,parser_typed_ms,1,1934.649,
varied10000,dart_host,baseline_construction_ms,1,0.008,
varied10000,dart_host,baseline_encode_ms,1,99.098,
varied10000,dart_host,baseline_publish_ms,1,281.377,
varied10000,dart_host,baseline_readback_ms,1,166.004,
varied10000,dart_host,total_diagnostic_pipeline_ms,1,2481.149,
varied10000,dart_host,utf8,2,35.768,
varied10000,dart_host,raw_money,2,501.822,
varied10000,dart_host,json_decode,2,107.202,
varied10000,dart_host,unicode,2,25.487,
varied10000,dart_host,presence_types,2,186.463,
varied10000,dart_host,money,2,10.378,
varied10000,dart_host,snapshot_authority_relationships,2,1005.75,
varied10000,dart_host,freeze,2,54.653,
varied10000,dart_host,typed_models,2,0.343,
varied10000,dart_host,candidate,2,0.009,
varied10000,dart_host,parser_typed_ms,2,1927.967,
varied10000,dart_host,baseline_construction_ms,2,0.008,
varied10000,dart_host,baseline_encode_ms,2,97.26,
varied10000,dart_host,baseline_publish_ms,2,266.557,
varied10000,dart_host,baseline_readback_ms,2,172.632,
varied10000,dart_host,total_diagnostic_pipeline_ms,2,2464.437,
varied10000,dart_host,utf8,3,35.534,
varied10000,dart_host,raw_money,3,510.157,
varied10000,dart_host,json_decode,3,96.277,
varied10000,dart_host,unicode,3,24.161,
varied10000,dart_host,presence_types,3,186.12,
varied10000,dart_host,money,3,10.203,
varied10000,dart_host,snapshot_authority_relationships,3,1039.554,
varied10000,dart_host,freeze,3,69.472,
varied10000,dart_host,typed_models,3,0.405,
varied10000,dart_host,candidate,3,0.008,
varied10000,dart_host,parser_typed_ms,3,1971.979,
varied10000,dart_host,baseline_construction_ms,3,0.007,
varied10000,dart_host,baseline_encode_ms,3,99.412,
varied10000,dart_host,baseline_publish_ms,3,279.432,
varied10000,dart_host,baseline_readback_ms,3,164.769,
varied10000,dart_host,total_diagnostic_pipeline_ms,3,2515.613,
varied10000,dart_host,utf8,4,35.681,
varied10000,dart_host,raw_money,4,499.028,
varied10000,dart_host,json_decode,4,109.958,
varied10000,dart_host,unicode,4,20.678,
varied10000,dart_host,presence_types,4,188.551,
varied10000,dart_host,money,4,10.889,
varied10000,dart_host,snapshot_authority_relationships,4,1014.129,
varied10000,dart_host,freeze,4,64.358,
varied10000,dart_host,typed_models,4,0.351,
varied10000,dart_host,candidate,4,0.008,
varied10000,dart_host,parser_typed_ms,4,1943.719,
varied10000,dart_host,baseline_construction_ms,4,0.007,
varied10000,dart_host,baseline_encode_ms,4,100.747,
varied10000,dart_host,baseline_publish_ms,4,284.131,
varied10000,dart_host,baseline_readback_ms,4,166.944,
varied10000,dart_host,total_diagnostic_pipeline_ms,4,2495.564,
varied10000,dart_host,utf8,5,35.826,
varied10000,dart_host,raw_money,5,498.997,
varied10000,dart_host,json_decode,5,109.113,
varied10000,dart_host,unicode,5,20.156,
varied10000,dart_host,presence_types,5,187.808,
varied10000,dart_host,money,5,9.715,
varied10000,dart_host,snapshot_authority_relationships,5,999.735,
varied10000,dart_host,freeze,5,64.357,
varied10000,dart_host,typed_models,5,0.362,
varied10000,dart_host,candidate,5,0.008,
varied10000,dart_host,parser_typed_ms,5,1926.163,
varied10000,dart_host,baseline_construction_ms,5,0.007,
varied10000,dart_host,baseline_encode_ms,5,105.755,
varied10000,dart_host,baseline_publish_ms,5,280.269,
varied10000,dart_host,baseline_readback_ms,5,168.785,
varied10000,dart_host,total_diagnostic_pipeline_ms,5,2480.994,
varied10000,dart_host,utf8,6,35.786,
varied10000,dart_host,raw_money,6,500.494,
varied10000,dart_host,json_decode,6,109.829,
varied10000,dart_host,unicode,6,20.683,
varied10000,dart_host,presence_types,6,188.696,
varied10000,dart_host,money,6,10.26,
varied10000,dart_host,snapshot_authority_relationships,6,1001.139,
varied10000,dart_host,freeze,6,68.714,
varied10000,dart_host,typed_models,6,3.79,
varied10000,dart_host,candidate,6,0.009,
varied10000,dart_host,parser_typed_ms,6,1939.488,
varied10000,dart_host,baseline_construction_ms,6,0.007,
varied10000,dart_host,baseline_encode_ms,6,99.986,
varied10000,dart_host,baseline_publish_ms,6,281.025,
varied10000,dart_host,baseline_readback_ms,6,144.982,
varied10000,dart_host,total_diagnostic_pipeline_ms,6,2465.502,
varied10000,dart_host,utf8,7,35.745,
varied10000,dart_host,raw_money,7,500.059,
varied10000,dart_host,json_decode,7,97.841,
varied10000,dart_host,unicode,7,20.046,
varied10000,dart_host,presence_types,7,189.401,
varied10000,dart_host,money,7,9.556,
varied10000,dart_host,snapshot_authority_relationships,7,1007.647,
varied10000,dart_host,freeze,7,65.009,
varied10000,dart_host,typed_models,7,0.351,
varied10000,dart_host,candidate,7,0.009,
varied10000,dart_host,parser_typed_ms,7,1925.752,
varied10000,dart_host,baseline_construction_ms,7,0.007,
varied10000,dart_host,baseline_encode_ms,7,101.2,
varied10000,dart_host,baseline_publish_ms,7,278.192,
varied10000,dart_host,baseline_readback_ms,7,165.142,
varied10000,dart_host,total_diagnostic_pipeline_ms,7,2470.308,
varied10000,dart_host,utf8,8,35.858,
varied10000,dart_host,raw_money,8,501.064,
varied10000,dart_host,json_decode,8,109.444,
varied10000,dart_host,unicode,8,20.493,
varied10000,dart_host,presence_types,8,189.152,
varied10000,dart_host,money,8,9.724,
varied10000,dart_host,snapshot_authority_relationships,8,1007.122,
varied10000,dart_host,freeze,8,67.222,
varied10000,dart_host,typed_models,8,0.355,
varied10000,dart_host,candidate,8,0.008,
varied10000,dart_host,parser_typed_ms,8,1940.528,
varied10000,dart_host,baseline_construction_ms,8,0.007,
varied10000,dart_host,baseline_encode_ms,8,98.357,
varied10000,dart_host,baseline_publish_ms,8,280.635,
varied10000,dart_host,baseline_readback_ms,8,166.485,
varied10000,dart_host,total_diagnostic_pipeline_ms,8,2486.026,
varied10000,dart_host,utf8,9,35.994,
varied10000,dart_host,raw_money,9,500.323,
varied10000,dart_host,json_decode,9,106.791,
varied10000,dart_host,unicode,9,26.248,
varied10000,dart_host,presence_types,9,187.555,
varied10000,dart_host,money,9,10.821,
varied10000,dart_host,snapshot_authority_relationships,9,1011.192,
varied10000,dart_host,freeze,9,55.696,
varied10000,dart_host,typed_models,9,0.33,
varied10000,dart_host,candidate,9,0.008,
varied10000,dart_host,parser_typed_ms,9,1935.045,
varied10000,dart_host,baseline_construction_ms,9,0.007,
varied10000,dart_host,baseline_encode_ms,9,97.837,
varied10000,dart_host,baseline_publish_ms,9,266.513,
varied10000,dart_host,baseline_readback_ms,9,171.038,
varied10000,dart_host,total_diagnostic_pipeline_ms,9,2470.455,
varied10000,dart_host,utf8,10,35.885,
varied10000,dart_host,raw_money,10,512.438,
varied10000,dart_host,json_decode,10,95.981,
varied10000,dart_host,unicode,10,24.369,
varied10000,dart_host,presence_types,10,186.98,
varied10000,dart_host,money,10,10.187,
varied10000,dart_host,snapshot_authority_relationships,10,1004.757,
varied10000,dart_host,freeze,10,69.262,
varied10000,dart_host,typed_models,10,0.34,
varied10000,dart_host,candidate,10,0.008,
varied10000,dart_host,parser_typed_ms,10,1940.297,
varied10000,dart_host,baseline_construction_ms,10,0.007,
varied10000,dart_host,baseline_encode_ms,10,99.793,
varied10000,dart_host,baseline_publish_ms,10,281.001,
varied10000,dart_host,baseline_readback_ms,10,167.728,
varied10000,dart_host,total_diagnostic_pipeline_ms,10,2488.84,
varied10000,dart_host,utf8,11,35.891,
varied10000,dart_host,raw_money,11,500.045,
varied10000,dart_host,json_decode,11,109.489,
varied10000,dart_host,unicode,11,20.808,
varied10000,dart_host,presence_types,11,188.583,
varied10000,dart_host,money,11,10.547,
varied10000,dart_host,snapshot_authority_relationships,11,1009.553,
varied10000,dart_host,freeze,11,64.258,
varied10000,dart_host,typed_models,11,0.352,
varied10000,dart_host,candidate,11,0.009,
varied10000,dart_host,parser_typed_ms,11,1939.625,
varied10000,dart_host,baseline_construction_ms,11,0.007,
varied10000,dart_host,baseline_encode_ms,11,100.446,
varied10000,dart_host,baseline_publish_ms,11,284.716,
varied10000,dart_host,baseline_readback_ms,11,165.058,
varied10000,dart_host,total_diagnostic_pipeline_ms,11,2489.866,
varied10000,dart_host,utf8,12,35.793,
varied10000,dart_host,raw_money,12,501.231,
varied10000,dart_host,json_decode,12,109.619,
varied10000,dart_host,unicode,12,20.304,
varied10000,dart_host,presence_types,12,188.718,
varied10000,dart_host,money,12,9.795,
varied10000,dart_host,snapshot_authority_relationships,12,1003.18,
varied10000,dart_host,freeze,12,67.118,
varied10000,dart_host,typed_models,12,0.445,
varied10000,dart_host,candidate,12,0.009,
varied10000,dart_host,parser_typed_ms,12,1936.298,
varied10000,dart_host,baseline_construction_ms,12,0.008,
varied10000,dart_host,baseline_encode_ms,12,103.98,
varied10000,dart_host,baseline_publish_ms,12,282.392,
varied10000,dart_host,baseline_readback_ms,12,150.887,
varied10000,dart_host,total_diagnostic_pipeline_ms,12,2473.58,
varied10000,dart_host,utf8,13,35.629,
varied10000,dart_host,raw_money,13,507.606,
varied10000,dart_host,json_decode,13,98.001,
varied10000,dart_host,unicode,13,20.064,
varied10000,dart_host,presence_types,13,189.563,
varied10000,dart_host,money,13,9.654,
varied10000,dart_host,snapshot_authority_relationships,13,1005.011,
varied10000,dart_host,freeze,13,64.65,
varied10000,dart_host,typed_models,13,0.372,
varied10000,dart_host,candidate,13,0.008,
varied10000,dart_host,parser_typed_ms,13,1930.643,
varied10000,dart_host,baseline_construction_ms,13,0.007,
varied10000,dart_host,baseline_encode_ms,13,107.023,
varied10000,dart_host,baseline_publish_ms,13,281.235,
varied10000,dart_host,baseline_readback_ms,13,145.147,
varied10000,dart_host,total_diagnostic_pipeline_ms,13,2464.07,
varied10000,dart_host,utf8,14,36.074,
varied10000,dart_host,raw_money,14,502.219,
varied10000,dart_host,json_decode,14,97.529,
varied10000,dart_host,unicode,14,20.049,
varied10000,dart_host,presence_types,14,188.875,
varied10000,dart_host,money,14,9.651,
varied10000,dart_host,snapshot_authority_relationships,14,1006.43,
varied10000,dart_host,freeze,14,64.937,
varied10000,dart_host,typed_models,14,0.34,
varied10000,dart_host,candidate,14,0.009,
varied10000,dart_host,parser_typed_ms,14,1926.204,
varied10000,dart_host,baseline_construction_ms,14,0.008,
varied10000,dart_host,baseline_encode_ms,14,100.855,
varied10000,dart_host,baseline_publish_ms,14,280.859,
varied10000,dart_host,baseline_readback_ms,14,164.183,
varied10000,dart_host,total_diagnostic_pipeline_ms,14,2472.123,
varied10000,dart_host,utf8,15,35.905,
varied10000,dart_host,raw_money,15,512.557,
varied10000,dart_host,json_decode,15,97.074,
varied10000,dart_host,unicode,15,19.928,
varied10000,dart_host,presence_types,15,188.293,
varied10000,dart_host,money,15,9.686,
varied10000,dart_host,snapshot_authority_relationships,15,1002.085,
varied10000,dart_host,freeze,15,55.479,
varied10000,dart_host,typed_models,15,0.338,
varied10000,dart_host,candidate,15,0.009,
varied10000,dart_host,parser_typed_ms,15,1921.44,
varied10000,dart_host,baseline_construction_ms,15,0.007,
varied10000,dart_host,baseline_encode_ms,15,100.668,
varied10000,dart_host,baseline_publish_ms,15,284.009,
varied10000,dart_host,baseline_readback_ms,15,165.377,
varied10000,dart_host,total_diagnostic_pipeline_ms,15,2471.517,
varied10000,dart_host,utf8,16,35.895,
varied10000,dart_host,raw_money,16,512.003,
varied10000,dart_host,json_decode,16,98.195,
varied10000,dart_host,unicode,16,25.279,
varied10000,dart_host,presence_types,16,187.563,
varied10000,dart_host,money,16,11.114,
varied10000,dart_host,snapshot_authority_relationships,16,1011.51,
varied10000,dart_host,freeze,16,69.88,
varied10000,dart_host,typed_models,16,0.29,
varied10000,dart_host,candidate,16,0.007,
varied10000,dart_host,parser_typed_ms,16,1951.825,
varied10000,dart_host,baseline_construction_ms,16,0.007,
varied10000,dart_host,baseline_encode_ms,16,98.485,
varied10000,dart_host,baseline_publish_ms,16,282.659,
varied10000,dart_host,baseline_readback_ms,16,166.08,
varied10000,dart_host,total_diagnostic_pipeline_ms,16,2499.07,
varied10000,dart_host,utf8,17,36.009,
varied10000,dart_host,raw_money,17,503.647,
varied10000,dart_host,json_decode,17,110.288,
varied10000,dart_host,unicode,17,20.325,
varied10000,dart_host,presence_types,17,187.779,
varied10000,dart_host,money,17,10.513,
varied10000,dart_host,snapshot_authority_relationships,17,1010.928,
varied10000,dart_host,freeze,17,65.311,
varied10000,dart_host,typed_models,17,0.356,
varied10000,dart_host,candidate,17,0.009,
varied10000,dart_host,parser_typed_ms,17,1945.255,
varied10000,dart_host,baseline_construction_ms,17,0.008,
varied10000,dart_host,baseline_encode_ms,17,100.405,
varied10000,dart_host,baseline_publish_ms,17,304.676,
varied10000,dart_host,baseline_readback_ms,17,145.531,
varied10000,dart_host,total_diagnostic_pipeline_ms,17,2495.888,
varied10000,dart_host,utf8,18,36.071,
varied10000,dart_host,raw_money,18,504.857,
varied10000,dart_host,json_decode,18,98.559,
varied10000,dart_host,unicode,18,23.443,
varied10000,dart_host,presence_types,18,186.589,
varied10000,dart_host,money,18,9.726,
varied10000,dart_host,snapshot_authority_relationships,18,1010.014,
varied10000,dart_host,freeze,18,63.404,
varied10000,dart_host,typed_models,18,0.339,
varied10000,dart_host,candidate,18,0.009,
varied10000,dart_host,parser_typed_ms,18,1933.102,
varied10000,dart_host,baseline_construction_ms,18,0.007,
varied10000,dart_host,baseline_encode_ms,18,96.701,
varied10000,dart_host,baseline_publish_ms,18,288.16,
varied10000,dart_host,baseline_readback_ms,18,163.724,
varied10000,dart_host,total_diagnostic_pipeline_ms,18,2481.708,
varied10000,dart_host,utf8,19,35.988,
varied10000,dart_host,raw_money,19,514.454,
varied10000,dart_host,json_decode,19,98.088,
varied10000,dart_host,unicode,19,24.255,
varied10000,dart_host,presence_types,19,188.084,
varied10000,dart_host,money,19,10.452,
varied10000,dart_host,snapshot_authority_relationships,19,1007.759,
varied10000,dart_host,freeze,19,64.51,
varied10000,dart_host,typed_models,19,0.33,
varied10000,dart_host,candidate,19,0.009,
varied10000,dart_host,parser_typed_ms,19,1944.023,
varied10000,dart_host,baseline_construction_ms,19,0.008,
varied10000,dart_host,baseline_encode_ms,19,97.761,
varied10000,dart_host,baseline_publish_ms,19,291.842,
varied10000,dart_host,baseline_readback_ms,19,166.01,
varied10000,dart_host,total_diagnostic_pipeline_ms,19,2499.657,
376,dart_http,identity,0,2.851,
376,dart_http,identity,1,3.636,
376,dart_http,identity,2,2.744,
376,dart_http,identity,3,2.802,
376,dart_http,identity,4,2.747,
376,dart_http,identity,5,2.811,
376,dart_http,identity,6,2.863,
376,dart_http,identity,7,2.802,
376,dart_http,identity,8,2.786,
376,dart_http,identity,9,2.844,
376,dart_http,identity,10,2.766,
376,dart_http,identity,11,2.789,
376,dart_http,identity,12,2.744,
376,dart_http,identity,13,2.717,
376,dart_http,identity,14,2.713,
376,dart_http,identity,15,2.787,
376,dart_http,identity,16,3.166,
376,dart_http,identity,17,2.697,
376,dart_http,identity,18,3.719,
376,dart_http,identity,19,2.674,
376,dart_http,gzip,0,5.158,
376,dart_http,gzip,1,6.615,
376,dart_http,gzip,2,5.018,
376,dart_http,gzip,3,5.439,
376,dart_http,gzip,4,5.569,
376,dart_http,gzip,5,7.864,
376,dart_http,gzip,6,5.827,
376,dart_http,gzip,7,6.75,
376,dart_http,gzip,8,5.36,
376,dart_http,gzip,9,5.682,
376,dart_http,gzip,10,5.497,
376,dart_http,gzip,11,6.412,
376,dart_http,gzip,12,5.509,
376,dart_http,gzip,13,5.764,
376,dart_http,gzip,14,5.378,
376,dart_http,gzip,15,5.669,
376,dart_http,gzip,16,5.472,
376,dart_http,gzip,17,6.076,
376,dart_http,gzip,18,5.379,
376,dart_http,gzip,19,6.425,
376,dart_http,dart_gzip_decode,0,0.413,
376,dart_http,dart_gzip_decode,1,0.43,
376,dart_http,dart_gzip_decode,2,0.411,
376,dart_http,dart_gzip_decode,3,0.428,
376,dart_http,dart_gzip_decode,4,0.422,
376,dart_http,dart_gzip_decode,5,0.405,
376,dart_http,dart_gzip_decode,6,0.398,
376,dart_http,dart_gzip_decode,7,0.421,
376,dart_http,dart_gzip_decode,8,0.447,
376,dart_http,dart_gzip_decode,9,0.406,
376,dart_http,dart_gzip_decode,10,0.404,
376,dart_http,dart_gzip_decode,11,0.407,
376,dart_http,dart_gzip_decode,12,0.39,
376,dart_http,dart_gzip_decode,13,0.404,
376,dart_http,dart_gzip_decode,14,0.435,
376,dart_http,dart_gzip_decode,15,0.405,
376,dart_http,dart_gzip_decode,16,0.391,
376,dart_http,dart_gzip_decode,17,0.399,
376,dart_http,dart_gzip_decode,18,0.396,
376,dart_http,dart_gzip_decode,19,0.415,
1000,dart_http,identity,0,3.721,
1000,dart_http,identity,1,4.236,
1000,dart_http,identity,2,3.666,
1000,dart_http,identity,3,3.337,
1000,dart_http,identity,4,3.546,
1000,dart_http,identity,5,3.402,
1000,dart_http,identity,6,3.421,
1000,dart_http,identity,7,3.375,
1000,dart_http,identity,8,3.468,
1000,dart_http,identity,9,3.383,
1000,dart_http,identity,10,3.393,
1000,dart_http,identity,11,3.47,
1000,dart_http,identity,12,3.474,
1000,dart_http,identity,13,3.649,
1000,dart_http,identity,14,3.713,
1000,dart_http,identity,15,3.406,
1000,dart_http,identity,16,6.194,
1000,dart_http,identity,17,3.103,
1000,dart_http,identity,18,2.985,
1000,dart_http,identity,19,2.952,
1000,dart_http,gzip,0,6.252,
1000,dart_http,gzip,1,6.324,
1000,dart_http,gzip,2,6.304,
1000,dart_http,gzip,3,6.272,
1000,dart_http,gzip,4,6.264,
1000,dart_http,gzip,5,6.269,
1000,dart_http,gzip,6,6.425,
1000,dart_http,gzip,7,6.34,
1000,dart_http,gzip,8,6.419,
1000,dart_http,gzip,9,6.274,
1000,dart_http,gzip,10,6.416,
1000,dart_http,gzip,11,6.543,
1000,dart_http,gzip,12,6.33,
1000,dart_http,gzip,13,6.293,
1000,dart_http,gzip,14,6.366,
1000,dart_http,gzip,15,6.309,
1000,dart_http,gzip,16,6.478,
1000,dart_http,gzip,17,6.261,
1000,dart_http,gzip,18,6.571,
1000,dart_http,gzip,19,6.266,
1000,dart_http,dart_gzip_decode,0,0.689,
1000,dart_http,dart_gzip_decode,1,0.695,
1000,dart_http,dart_gzip_decode,2,0.703,
1000,dart_http,dart_gzip_decode,3,0.691,
1000,dart_http,dart_gzip_decode,4,0.745,
1000,dart_http,dart_gzip_decode,5,0.725,
1000,dart_http,dart_gzip_decode,6,0.692,
1000,dart_http,dart_gzip_decode,7,0.726,
1000,dart_http,dart_gzip_decode,8,0.699,
1000,dart_http,dart_gzip_decode,9,0.711,
1000,dart_http,dart_gzip_decode,10,0.74,
1000,dart_http,dart_gzip_decode,11,0.688,
1000,dart_http,dart_gzip_decode,12,0.718,
1000,dart_http,dart_gzip_decode,13,0.691,
1000,dart_http,dart_gzip_decode,14,0.711,
1000,dart_http,dart_gzip_decode,15,0.695,
1000,dart_http,dart_gzip_decode,16,0.713,
1000,dart_http,dart_gzip_decode,17,0.707,
1000,dart_http,dart_gzip_decode,18,0.72,
1000,dart_http,dart_gzip_decode,19,0.721,
5000,dart_http,identity,0,13.731,
5000,dart_http,identity,1,12.901,
5000,dart_http,identity,2,11.007,
5000,dart_http,identity,3,12.557,
5000,dart_http,identity,4,12.305,
5000,dart_http,identity,5,12.676,
5000,dart_http,identity,6,11.316,
5000,dart_http,identity,7,11.064,
5000,dart_http,identity,8,12.931,
5000,dart_http,identity,9,12.639,
5000,dart_http,identity,10,11.182,
5000,dart_http,identity,11,13.267,
5000,dart_http,identity,12,20.15,
5000,dart_http,identity,13,12.462,
5000,dart_http,identity,14,11.724,
5000,dart_http,identity,15,12.797,
5000,dart_http,identity,16,13.218,
5000,dart_http,identity,17,12.652,
5000,dart_http,identity,18,11.918,
5000,dart_http,identity,19,13.092,
5000,dart_http,gzip,0,22.717,
5000,dart_http,gzip,1,22.507,
5000,dart_http,gzip,2,22.804,
5000,dart_http,gzip,3,25.304,
5000,dart_http,gzip,4,22.495,
5000,dart_http,gzip,5,25.566,
5000,dart_http,gzip,6,22.462,
5000,dart_http,gzip,7,25.559,
5000,dart_http,gzip,8,22.768,
5000,dart_http,gzip,9,25.231,
5000,dart_http,gzip,10,22.48,
5000,dart_http,gzip,11,25.019,
5000,dart_http,gzip,12,22.504,
5000,dart_http,gzip,13,25.438,
5000,dart_http,gzip,14,22.212,
5000,dart_http,gzip,15,25.389,
5000,dart_http,gzip,16,24.487,
5000,dart_http,gzip,17,25.004,
5000,dart_http,gzip,18,22.375,
5000,dart_http,gzip,19,26.113,
5000,dart_http,dart_gzip_decode,0,2.172,
5000,dart_http,dart_gzip_decode,1,2.132,
5000,dart_http,dart_gzip_decode,2,2.161,
5000,dart_http,dart_gzip_decode,3,2.159,
5000,dart_http,dart_gzip_decode,4,2.198,
5000,dart_http,dart_gzip_decode,5,2.205,
5000,dart_http,dart_gzip_decode,6,2.233,
5000,dart_http,dart_gzip_decode,7,2.234,
5000,dart_http,dart_gzip_decode,8,2.646,
5000,dart_http,dart_gzip_decode,9,2.725,
5000,dart_http,dart_gzip_decode,10,2.72,
5000,dart_http,dart_gzip_decode,11,2.692,
5000,dart_http,dart_gzip_decode,12,2.72,
5000,dart_http,dart_gzip_decode,13,2.715,
5000,dart_http,dart_gzip_decode,14,3.148,
5000,dart_http,dart_gzip_decode,15,3.614,
5000,dart_http,dart_gzip_decode,16,2.737,
5000,dart_http,dart_gzip_decode,17,2.692,
5000,dart_http,dart_gzip_decode,18,2.722,
5000,dart_http,dart_gzip_decode,19,2.747,
10000,dart_http,identity,0,29.524,
10000,dart_http,identity,1,28.957,
10000,dart_http,identity,2,19.408,
10000,dart_http,identity,3,31.56,
10000,dart_http,identity,4,30.521,
10000,dart_http,identity,5,30.461,
10000,dart_http,identity,6,29.489,
10000,dart_http,identity,7,28.742,
10000,dart_http,identity,8,28.546,
10000,dart_http,identity,9,30.265,
10000,dart_http,identity,10,28.558,
10000,dart_http,identity,11,30.28,
10000,dart_http,identity,12,30.725,
10000,dart_http,identity,13,30.495,
10000,dart_http,identity,14,29.061,
10000,dart_http,identity,15,29.117,
10000,dart_http,identity,16,33.575,
10000,dart_http,identity,17,28.952,
10000,dart_http,identity,18,30.698,
10000,dart_http,identity,19,28.776,
10000,dart_http,gzip,0,49.098,
10000,dart_http,gzip,1,51.411,
10000,dart_http,gzip,2,45.022,
10000,dart_http,gzip,3,45.074,
10000,dart_http,gzip,4,45.031,
10000,dart_http,gzip,5,44.805,
10000,dart_http,gzip,6,52.294,
10000,dart_http,gzip,7,46.79,
10000,dart_http,gzip,8,44.825,
10000,dart_http,gzip,9,45.009,
10000,dart_http,gzip,10,45.247,
10000,dart_http,gzip,11,44.775,
10000,dart_http,gzip,12,46.873,
10000,dart_http,gzip,13,45.886,
10000,dart_http,gzip,14,45.905,
10000,dart_http,gzip,15,44.71,
10000,dart_http,gzip,16,45.073,
10000,dart_http,gzip,17,44.808,
10000,dart_http,gzip,18,44.897,
10000,dart_http,gzip,19,44.705,
10000,dart_http,dart_gzip_decode,0,4.94,
10000,dart_http,dart_gzip_decode,1,5.093,
10000,dart_http,dart_gzip_decode,2,5.292,
10000,dart_http,dart_gzip_decode,3,5.037,
10000,dart_http,dart_gzip_decode,4,5.035,
10000,dart_http,dart_gzip_decode,5,4.895,
10000,dart_http,dart_gzip_decode,6,5.07,
10000,dart_http,dart_gzip_decode,7,5.035,
10000,dart_http,dart_gzip_decode,8,5.06,
10000,dart_http,dart_gzip_decode,9,4.879,
10000,dart_http,dart_gzip_decode,10,5.005,
10000,dart_http,dart_gzip_decode,11,5.122,
10000,dart_http,dart_gzip_decode,12,5.094,
10000,dart_http,dart_gzip_decode,13,5.048,
10000,dart_http,dart_gzip_decode,14,5.064,
10000,dart_http,dart_gzip_decode,15,4.939,
10000,dart_http,dart_gzip_decode,16,5.06,
10000,dart_http,dart_gzip_decode,17,5.512,
10000,dart_http,dart_gzip_decode,18,5.018,
10000,dart_http,dart_gzip_decode,19,4.931,
heavy600,dart_http,identity,0,6.118,
heavy600,dart_http,identity,1,6.047,
heavy600,dart_http,identity,2,6.199,
heavy600,dart_http,identity,3,6.145,
heavy600,dart_http,identity,4,6.949,
heavy600,dart_http,identity,5,6.168,
heavy600,dart_http,identity,6,6.077,
heavy600,dart_http,identity,7,5.993,
heavy600,dart_http,identity,8,9.465,
heavy600,dart_http,identity,9,8.123,
heavy600,dart_http,identity,10,6.078,
heavy600,dart_http,identity,11,5.964,
heavy600,dart_http,identity,12,9.856,
heavy600,dart_http,identity,13,5.986,
heavy600,dart_http,identity,14,6.223,
heavy600,dart_http,identity,15,15.138,
heavy600,dart_http,identity,16,6.097,
heavy600,dart_http,identity,17,6.062,
heavy600,dart_http,identity,18,8.98,
heavy600,dart_http,identity,19,6.211,
heavy600,dart_http,gzip,0,15.701,
heavy600,dart_http,gzip,1,15.482,
heavy600,dart_http,gzip,2,15.548,
heavy600,dart_http,gzip,3,15.56,
heavy600,dart_http,gzip,4,15.481,
heavy600,dart_http,gzip,5,15.611,
heavy600,dart_http,gzip,6,15.582,
heavy600,dart_http,gzip,7,15.631,
heavy600,dart_http,gzip,8,15.527,
heavy600,dart_http,gzip,9,15.478,
heavy600,dart_http,gzip,10,15.438,
heavy600,dart_http,gzip,11,20.635,
heavy600,dart_http,gzip,12,15.652,
heavy600,dart_http,gzip,13,15.554,
heavy600,dart_http,gzip,14,15.389,
heavy600,dart_http,gzip,15,18.137,
heavy600,dart_http,gzip,16,15.399,
heavy600,dart_http,gzip,17,15.62,
heavy600,dart_http,gzip,18,15.455,
heavy600,dart_http,gzip,19,18.38,
heavy600,dart_http,dart_gzip_decode,0,1.832,
heavy600,dart_http,dart_gzip_decode,1,1.816,
heavy600,dart_http,dart_gzip_decode,2,1.798,
heavy600,dart_http,dart_gzip_decode,3,1.828,
heavy600,dart_http,dart_gzip_decode,4,1.782,
heavy600,dart_http,dart_gzip_decode,5,1.863,
heavy600,dart_http,dart_gzip_decode,6,1.834,
heavy600,dart_http,dart_gzip_decode,7,1.776,
heavy600,dart_http,dart_gzip_decode,8,1.825,
heavy600,dart_http,dart_gzip_decode,9,1.797,
heavy600,dart_http,dart_gzip_decode,10,1.793,
heavy600,dart_http,dart_gzip_decode,11,1.857,
heavy600,dart_http,dart_gzip_decode,12,1.882,
heavy600,dart_http,dart_gzip_decode,13,1.793,
heavy600,dart_http,dart_gzip_decode,14,1.807,
heavy600,dart_http,dart_gzip_decode,15,1.837,
heavy600,dart_http,dart_gzip_decode,16,1.786,
heavy600,dart_http,dart_gzip_decode,17,1.821,
heavy600,dart_http,dart_gzip_decode,18,1.854,
heavy600,dart_http,dart_gzip_decode,19,1.896,
376,http_including_warmups,identity_handler_ms,0,0.3049180086236447,
376,http_including_warmups,identity_compression_ms,0,0,
376,http_including_warmups,identity_handler_ms,1,0.5642540054395795,
376,http_including_warmups,identity_compression_ms,1,0,
376,http_including_warmups,identity_handler_ms,2,0.29052300669718534,
376,http_including_warmups,identity_compression_ms,2,0,
376,http_including_warmups,identity_handler_ms,3,0.28472699341364205,
376,http_including_warmups,identity_compression_ms,3,0,
376,http_including_warmups,identity_handler_ms,4,0.29531901236623526,
376,http_including_warmups,identity_compression_ms,4,0,
376,http_including_warmups,identity_handler_ms,5,0.2919850085163489,
376,http_including_warmups,identity_compression_ms,5,0,
376,http_including_warmups,identity_handler_ms,6,0.27990699163638055,
376,http_including_warmups,identity_compression_ms,6,0,
376,http_including_warmups,identity_handler_ms,7,0.28293600189499557,
376,http_including_warmups,identity_compression_ms,7,0,
376,http_including_warmups,identity_handler_ms,8,0.29260899464134127,
376,http_including_warmups,identity_compression_ms,8,0,
376,http_including_warmups,identity_handler_ms,9,0.26605000311974436,
376,http_including_warmups,identity_compression_ms,9,0,
376,http_including_warmups,identity_handler_ms,10,0.26020099176093936,
376,http_including_warmups,identity_compression_ms,10,0,
376,http_including_warmups,identity_handler_ms,11,0.27839299582410604,
376,http_including_warmups,identity_compression_ms,11,0,
376,http_including_warmups,identity_handler_ms,12,0.27482499717734754,
376,http_including_warmups,identity_compression_ms,12,0,
376,http_including_warmups,identity_handler_ms,13,0.28023500635754317,
376,http_including_warmups,identity_compression_ms,13,0,
376,http_including_warmups,identity_handler_ms,14,0.28037899755872786,
376,http_including_warmups,identity_compression_ms,14,0,
376,http_including_warmups,identity_handler_ms,15,0.2578650019131601,
376,http_including_warmups,identity_compression_ms,15,0,
376,http_including_warmups,identity_handler_ms,16,0.2656170108821243,
376,http_including_warmups,identity_compression_ms,16,0,
376,http_including_warmups,identity_handler_ms,17,0.2649689995450899,
376,http_including_warmups,identity_compression_ms,17,0,
376,http_including_warmups,identity_handler_ms,18,0.28440699679777026,
376,http_including_warmups,identity_compression_ms,18,0,
376,http_including_warmups,identity_handler_ms,19,0.2708649990381673,
376,http_including_warmups,identity_compression_ms,19,0,
376,http_including_warmups,identity_handler_ms,20,0.26257500576321036,
376,http_including_warmups,identity_compression_ms,20,0,
376,http_including_warmups,identity_handler_ms,21,0.2545229945098981,
376,http_including_warmups,identity_compression_ms,21,0,
376,http_including_warmups,identity_handler_ms,22,0.28453000413719565,
376,http_including_warmups,identity_compression_ms,22,0,
376,http_including_warmups,gzip_handler_ms,23,2.2661409893771634,
376,http_including_warmups,gzip_compression_ms,23,2.0854129979852587,
376,http_including_warmups,gzip_handler_ms,24,2.3997149983188137,
376,http_including_warmups,gzip_compression_ms,24,2.201585011789575,
376,http_including_warmups,gzip_handler_ms,25,2.425953993224539,
376,http_including_warmups,gzip_compression_ms,25,2.214608990470879,
376,http_including_warmups,gzip_handler_ms,26,2.3992560018086806,
376,http_including_warmups,gzip_compression_ms,26,2.177101996494457,
376,http_including_warmups,gzip_handler_ms,27,2.369148001889698,
376,http_including_warmups,gzip_compression_ms,27,2.1714580070693046,
376,http_including_warmups,gzip_handler_ms,28,2.398497992544435,
376,http_including_warmups,gzip_compression_ms,28,2.193613996496424,
376,http_including_warmups,gzip_handler_ms,29,2.372967006522231,
376,http_including_warmups,gzip_compression_ms,29,2.176144000259228,
376,http_including_warmups,gzip_handler_ms,30,2.6012610032921657,
376,http_including_warmups,gzip_compression_ms,30,2.3571700003230944,
376,http_including_warmups,gzip_handler_ms,31,2.6877500058617443,
376,http_including_warmups,gzip_compression_ms,31,2.418027987005189,
376,http_including_warmups,gzip_handler_ms,32,2.648733992828056,
376,http_including_warmups,gzip_compression_ms,32,2.3907590075396,
376,http_including_warmups,gzip_handler_ms,33,2.5803839962463826,
376,http_including_warmups,gzip_compression_ms,33,2.3435930052073672,
376,http_including_warmups,gzip_handler_ms,34,2.5452970003243536,
376,http_including_warmups,gzip_compression_ms,34,2.300035994267091,
376,http_including_warmups,gzip_handler_ms,35,2.554648002842441,
376,http_including_warmups,gzip_compression_ms,35,2.3163119913078845,
376,http_including_warmups,gzip_handler_ms,36,2.605479006888345,
376,http_including_warmups,gzip_compression_ms,36,2.371437003603205,
376,http_including_warmups,gzip_handler_ms,37,2.5383830070495605,
376,http_including_warmups,gzip_compression_ms,37,2.299864005181007,
376,http_including_warmups,gzip_handler_ms,38,2.6051880122395232,
376,http_including_warmups,gzip_compression_ms,38,2.3647299967706203,
376,http_including_warmups,gzip_handler_ms,39,2.5890980032272637,
376,http_including_warmups,gzip_compression_ms,39,2.3518230009358376,
376,http_including_warmups,gzip_handler_ms,40,2.599315994302742,
376,http_including_warmups,gzip_compression_ms,40,2.367517998209223,
376,http_including_warmups,gzip_handler_ms,41,2.5649460003478453,
376,http_including_warmups,gzip_compression_ms,41,2.3298059968510643,
376,http_including_warmups,gzip_handler_ms,42,2.610266994452104,
376,http_including_warmups,gzip_compression_ms,42,2.371864000451751,
376,http_including_warmups,gzip_handler_ms,43,2.6073609915329143,
376,http_including_warmups,gzip_compression_ms,43,2.3800779890734702,
376,http_including_warmups,gzip_handler_ms,44,2.632564996019937,
376,http_including_warmups,gzip_compression_ms,44,2.385783998761326,
376,http_including_warmups,gzip_handler_ms,45,2.579748004791327,
376,http_including_warmups,gzip_compression_ms,45,2.348933005123399,
1000,http_including_warmups,identity_handler_ms,46,0.7807889924151823,
1000,http_including_warmups,identity_compression_ms,46,0,
1000,http_including_warmups,identity_handler_ms,47,0.7368610094999894,
1000,http_including_warmups,identity_compression_ms,47,0,
1000,http_including_warmups,identity_handler_ms,48,0.5635730049107224,
1000,http_including_warmups,identity_compression_ms,48,0,
1000,http_including_warmups,identity_handler_ms,49,0.6783429998904467,
1000,http_including_warmups,identity_compression_ms,49,0,
1000,http_including_warmups,identity_handler_ms,50,0.4218600079184398,
1000,http_including_warmups,identity_compression_ms,50,0,
1000,http_including_warmups,identity_handler_ms,51,0.418099996750243,
1000,http_including_warmups,identity_compression_ms,51,0,
1000,http_including_warmups,identity_handler_ms,52,0.42565399780869484,
1000,http_including_warmups,identity_compression_ms,52,0,
1000,http_including_warmups,identity_handler_ms,53,0.4176669899607077,
1000,http_including_warmups,identity_compression_ms,53,0,
1000,http_including_warmups,identity_handler_ms,54,0.4309009964345023,
1000,http_including_warmups,identity_compression_ms,54,0,
1000,http_including_warmups,identity_handler_ms,55,0.41961600072681904,
1000,http_including_warmups,identity_compression_ms,55,0,
1000,http_including_warmups,identity_handler_ms,56,0.4278940032236278,
1000,http_including_warmups,identity_compression_ms,56,0,
1000,http_including_warmups,identity_handler_ms,57,0.42677200690377504,
1000,http_including_warmups,identity_compression_ms,57,0,
1000,http_including_warmups,identity_handler_ms,58,0.4076790064573288,
1000,http_including_warmups,identity_compression_ms,58,0,
1000,http_including_warmups,identity_handler_ms,59,0.41383199277333915,
1000,http_including_warmups,identity_compression_ms,59,0,
1000,http_including_warmups,identity_handler_ms,60,0.41735899867489934,
1000,http_including_warmups,identity_compression_ms,60,0,
1000,http_including_warmups,identity_handler_ms,61,0.43800300045404583,
1000,http_including_warmups,identity_compression_ms,61,0,
1000,http_including_warmups,identity_handler_ms,62,0.4524849937297404,
1000,http_including_warmups,identity_compression_ms,62,0,
1000,http_including_warmups,identity_handler_ms,63,0.46270800521597266,
1000,http_including_warmups,identity_compression_ms,63,0,
1000,http_including_warmups,identity_handler_ms,64,0.406984006986022,
1000,http_including_warmups,identity_compression_ms,64,0,
1000,http_including_warmups,identity_handler_ms,65,0.39875900256447494,
1000,http_including_warmups,identity_compression_ms,65,0,
1000,http_including_warmups,identity_handler_ms,66,0.35973399644717574,
1000,http_including_warmups,identity_compression_ms,66,0,
1000,http_including_warmups,identity_handler_ms,67,0.3509849921101704,
1000,http_including_warmups,identity_compression_ms,67,0,
1000,http_including_warmups,identity_handler_ms,68,0.3648629935923964,
1000,http_including_warmups,identity_compression_ms,68,0,
1000,http_including_warmups,gzip_handler_ms,69,3.5618350084405392,
1000,http_including_warmups,gzip_compression_ms,69,3.356076995260082,
1000,http_including_warmups,gzip_handler_ms,70,3.755005993298255,
1000,http_including_warmups,gzip_compression_ms,70,3.526543005136773,
1000,http_including_warmups,gzip_handler_ms,71,3.4280870022485033,
1000,http_including_warmups,gzip_compression_ms,71,3.2049000001279637,
1000,http_including_warmups,gzip_handler_ms,72,3.3914829982677475,
1000,http_including_warmups,gzip_compression_ms,72,3.1691449985373765,
1000,http_including_warmups,gzip_handler_ms,73,3.4373090020380914,
1000,http_including_warmups,gzip_compression_ms,73,3.197868005372584,
1000,http_including_warmups,gzip_handler_ms,74,3.4425600024405867,
1000,http_including_warmups,gzip_compression_ms,74,3.2183809962589294,
1000,http_including_warmups,gzip_handler_ms,75,3.429304008022882,
1000,http_including_warmups,gzip_compression_ms,75,3.2072059984784573,
1000,http_including_warmups,gzip_handler_ms,76,3.447705996222794,
1000,http_including_warmups,gzip_compression_ms,76,3.219691992853768,
1000,http_including_warmups,gzip_handler_ms,77,3.4431340027367696,
1000,http_including_warmups,gzip_compression_ms,77,3.201491999789141,
1000,http_including_warmups,gzip_handler_ms,78,3.4463029878679663,
1000,http_including_warmups,gzip_compression_ms,78,3.221260994905606,
1000,http_including_warmups,gzip_handler_ms,79,3.456115009612404,
1000,http_including_warmups,gzip_compression_ms,79,3.2318839948857203,
1000,http_including_warmups,gzip_handler_ms,80,3.518443991197273,
1000,http_including_warmups,gzip_compression_ms,80,3.295375994639471,
1000,http_including_warmups,gzip_handler_ms,81,3.430085998843424,
1000,http_including_warmups,gzip_compression_ms,81,3.2003419910324737,
1000,http_including_warmups,gzip_handler_ms,82,3.4432969987392426,
1000,http_including_warmups,gzip_compression_ms,82,3.205453002010472,
1000,http_including_warmups,gzip_handler_ms,83,3.4559579944470897,
1000,http_including_warmups,gzip_compression_ms,83,3.2147750025615096,
1000,http_including_warmups,gzip_handler_ms,84,3.476523997960612,
1000,http_including_warmups,gzip_compression_ms,84,3.252909009461291,
1000,http_including_warmups,gzip_handler_ms,85,3.483357999357395,
1000,http_including_warmups,gzip_compression_ms,85,3.2613310031592846,
1000,http_including_warmups,gzip_handler_ms,86,3.5088559961877763,
1000,http_including_warmups,gzip_compression_ms,86,3.276072005974129,
1000,http_including_warmups,gzip_handler_ms,87,3.448929011938162,
1000,http_including_warmups,gzip_compression_ms,87,3.226886998163536,
1000,http_including_warmups,gzip_handler_ms,88,3.446598013397306,
1000,http_including_warmups,gzip_compression_ms,88,3.200556995579973,
1000,http_including_warmups,gzip_handler_ms,89,3.457150000031106,
1000,http_including_warmups,gzip_compression_ms,89,3.2279590086545795,
1000,http_including_warmups,gzip_handler_ms,90,3.63621799624525,
1000,http_including_warmups,gzip_compression_ms,90,3.4041180042549968,
1000,http_including_warmups,gzip_handler_ms,91,3.4441710013197735,
1000,http_including_warmups,gzip_compression_ms,91,3.206118999514729,
5000,http_including_warmups,identity_handler_ms,92,2.0542829879559577,
5000,http_including_warmups,identity_compression_ms,92,0,
5000,http_including_warmups,identity_handler_ms,93,2.5567720003891736,
5000,http_including_warmups,identity_compression_ms,93,0,
5000,http_including_warmups,identity_handler_ms,94,1.9833469996228814,
5000,http_including_warmups,identity_compression_ms,94,0,
5000,http_including_warmups,identity_handler_ms,95,2.1460429998114705,
5000,http_including_warmups,identity_compression_ms,95,0,
5000,http_including_warmups,identity_handler_ms,96,1.1847750138258561,
5000,http_including_warmups,identity_compression_ms,96,0,
5000,http_including_warmups,identity_handler_ms,97,1.115771010518074,
5000,http_including_warmups,identity_compression_ms,97,0,
5000,http_including_warmups,identity_handler_ms,98,1.1764470109483227,
5000,http_including_warmups,identity_compression_ms,98,0,
5000,http_including_warmups,identity_handler_ms,99,1.116514002205804,
5000,http_including_warmups,identity_compression_ms,99,0,
5000,http_including_warmups,identity_handler_ms,100,1.169602997833863,
5000,http_including_warmups,identity_compression_ms,100,0,
5000,http_including_warmups,identity_handler_ms,101,1.1458000080892816,
5000,http_including_warmups,identity_compression_ms,101,0,
5000,http_including_warmups,identity_handler_ms,102,1.145693997386843,
5000,http_including_warmups,identity_compression_ms,102,0,
5000,http_including_warmups,identity_handler_ms,103,1.2235369940754026,
5000,http_including_warmups,identity_compression_ms,103,0,
5000,http_including_warmups,identity_handler_ms,104,1.2018760025966913,
5000,http_including_warmups,identity_compression_ms,104,0,
5000,http_including_warmups,identity_handler_ms,105,1.143813002272509,
5000,http_including_warmups,identity_compression_ms,105,0,
5000,http_including_warmups,identity_handler_ms,106,1.1461000103736296,
5000,http_including_warmups,identity_compression_ms,106,0,
5000,http_including_warmups,identity_handler_ms,107,1.1427739955252036,
5000,http_including_warmups,identity_compression_ms,107,0,
5000,http_including_warmups,identity_handler_ms,108,1.172343996586278,
5000,http_including_warmups,identity_compression_ms,108,0,
5000,http_including_warmups,identity_handler_ms,109,1.1492240009829402,
5000,http_including_warmups,identity_compression_ms,109,0,
5000,http_including_warmups,identity_handler_ms,110,1.1397369962651283,
5000,http_including_warmups,identity_compression_ms,110,0,
5000,http_including_warmups,identity_handler_ms,111,1.1504419962875545,
5000,http_including_warmups,identity_compression_ms,111,0,
5000,http_including_warmups,identity_handler_ms,112,1.1979380069533363,
5000,http_including_warmups,identity_compression_ms,112,0,
5000,http_including_warmups,identity_handler_ms,113,1.1277040030108765,
5000,http_including_warmups,identity_compression_ms,113,0,
5000,http_including_warmups,identity_handler_ms,114,1.1567790061235428,
5000,http_including_warmups,identity_compression_ms,114,0,
5000,http_including_warmups,gzip_handler_ms,115,14.676746999612078,
5000,http_including_warmups,gzip_compression_ms,115,14.137553007458337,
5000,http_including_warmups,gzip_handler_ms,116,14.776328011066653,
5000,http_including_warmups,gzip_compression_ms,116,14.194871997460723,
5000,http_including_warmups,gzip_handler_ms,117,14.753281997400336,
5000,http_including_warmups,gzip_compression_ms,117,14.177050004946068,
5000,http_including_warmups,gzip_handler_ms,118,14.719362996402197,
5000,http_including_warmups,gzip_compression_ms,118,14.147109002806246,
5000,http_including_warmups,gzip_handler_ms,119,14.742586005013436,
5000,http_including_warmups,gzip_compression_ms,119,14.17277600558009,
5000,http_including_warmups,gzip_handler_ms,120,14.947282994398847,
5000,http_including_warmups,gzip_compression_ms,120,14.37439100118354,
5000,http_including_warmups,gzip_handler_ms,121,14.805566999712028,
5000,http_including_warmups,gzip_compression_ms,121,14.256816008128226,
5000,http_including_warmups,gzip_handler_ms,122,14.819200994679704,
5000,http_including_warmups,gzip_compression_ms,122,14.254745008656755,
5000,http_including_warmups,gzip_handler_ms,123,14.648557000327855,
5000,http_including_warmups,gzip_compression_ms,123,14.056358995730989,
5000,http_including_warmups,gzip_handler_ms,124,14.595650005503558,
5000,http_including_warmups,gzip_compression_ms,124,14.040751993888989,
5000,http_including_warmups,gzip_handler_ms,125,14.737479999894276,
5000,http_including_warmups,gzip_compression_ms,125,14.19633999466896,
5000,http_including_warmups,gzip_handler_ms,126,14.825609992840327,
5000,http_including_warmups,gzip_compression_ms,126,14.244772988604382,
5000,http_including_warmups,gzip_handler_ms,127,14.606122000259347,
5000,http_including_warmups,gzip_compression_ms,127,14.023732001078315,
5000,http_including_warmups,gzip_handler_ms,128,14.625926007283852,
5000,http_including_warmups,gzip_compression_ms,128,14.067890006117523,
5000,http_including_warmups,gzip_handler_ms,129,14.820302996668033,
5000,http_including_warmups,gzip_compression_ms,129,14.257902003009804,
5000,http_including_warmups,gzip_handler_ms,130,14.672642995719798,
5000,http_including_warmups,gzip_compression_ms,130,14.120815001660958,
5000,http_including_warmups,gzip_handler_ms,131,14.681530999951065,
5000,http_including_warmups,gzip_compression_ms,131,14.106260001426563,
5000,http_including_warmups,gzip_handler_ms,132,14.558037000824697,
5000,http_including_warmups,gzip_compression_ms,132,14.011316001415253,
5000,http_including_warmups,gzip_handler_ms,133,14.656903003924526,
5000,http_including_warmups,gzip_compression_ms,133,14.100071013672277,
5000,http_including_warmups,gzip_handler_ms,134,15.688401996158063,
5000,http_including_warmups,gzip_compression_ms,134,15.101819997653365,
5000,http_including_warmups,gzip_handler_ms,135,14.75693000247702,
5000,http_including_warmups,gzip_compression_ms,135,14.137381003820337,
5000,http_including_warmups,gzip_handler_ms,136,14.72438100608997,
5000,http_including_warmups,gzip_compression_ms,136,14.072875012061559,
5000,http_including_warmups,gzip_handler_ms,137,14.78028499695938,
5000,http_including_warmups,gzip_compression_ms,137,14.212027002940886,
10000,http_including_warmups,identity_handler_ms,138,2.93243900523521,
10000,http_including_warmups,identity_compression_ms,138,0,
10000,http_including_warmups,identity_handler_ms,139,5.422918999101967,
10000,http_including_warmups,identity_compression_ms,139,0,
10000,http_including_warmups,identity_handler_ms,140,3.1956530001480132,
10000,http_including_warmups,identity_compression_ms,140,0,
10000,http_including_warmups,identity_handler_ms,141,5.241502003627829,
10000,http_including_warmups,identity_compression_ms,141,0,
10000,http_including_warmups,identity_handler_ms,142,3.0069380009081215,
10000,http_including_warmups,identity_compression_ms,142,0,
10000,http_including_warmups,identity_handler_ms,143,3.3114209945779294,
10000,http_including_warmups,identity_compression_ms,143,0,
10000,http_including_warmups,identity_handler_ms,144,3.1358079868368804,
10000,http_including_warmups,identity_compression_ms,144,0,
10000,http_including_warmups,identity_handler_ms,145,3.278971998952329,
10000,http_including_warmups,identity_compression_ms,145,0,
10000,http_including_warmups,identity_handler_ms,146,3.40600500931032,
10000,http_including_warmups,identity_compression_ms,146,0,
10000,http_including_warmups,identity_handler_ms,147,3.3952040103031322,
10000,http_including_warmups,identity_compression_ms,147,0,
10000,http_including_warmups,identity_handler_ms,148,3.394173996639438,
10000,http_including_warmups,identity_compression_ms,148,0,
10000,http_including_warmups,identity_handler_ms,149,3.2442099909530953,
10000,http_including_warmups,identity_compression_ms,149,0,
10000,http_including_warmups,identity_handler_ms,150,3.4214550105389208,
10000,http_including_warmups,identity_compression_ms,150,0,
10000,http_including_warmups,identity_handler_ms,151,3.417711006477475,
10000,http_including_warmups,identity_compression_ms,151,0,
10000,http_including_warmups,identity_handler_ms,152,3.2674740068614483,
10000,http_including_warmups,identity_compression_ms,152,0,
10000,http_including_warmups,identity_handler_ms,153,3.345535005792044,
10000,http_including_warmups,identity_compression_ms,153,0,
10000,http_including_warmups,identity_handler_ms,154,3.381622998858802,
10000,http_including_warmups,identity_compression_ms,154,0,
10000,http_including_warmups,identity_handler_ms,155,3.3400660031475127,
10000,http_including_warmups,identity_compression_ms,155,0,
10000,http_including_warmups,identity_handler_ms,156,3.3434659999329597,
10000,http_including_warmups,identity_compression_ms,156,0,
10000,http_including_warmups,identity_handler_ms,157,3.5285600024508312,
10000,http_including_warmups,identity_compression_ms,157,0,
10000,http_including_warmups,identity_handler_ms,158,3.4301530104130507,
10000,http_including_warmups,identity_compression_ms,158,0,
10000,http_including_warmups,identity_handler_ms,159,3.4535879967734218,
10000,http_including_warmups,identity_compression_ms,159,0,
10000,http_including_warmups,identity_handler_ms,160,3.3729400020092726,
10000,http_including_warmups,identity_compression_ms,160,0,
10000,http_including_warmups,gzip_handler_ms,161,28.426688004401512,
10000,http_including_warmups,gzip_compression_ms,161,25.625687005231157,
10000,http_including_warmups,gzip_handler_ms,162,26.66769600182306,
10000,http_including_warmups,gzip_compression_ms,162,25.655249002738856,
10000,http_including_warmups,gzip_handler_ms,163,26.860595986363478,
10000,http_including_warmups,gzip_compression_ms,163,25.830359998508357,
10000,http_including_warmups,gzip_handler_ms,164,26.74467899487354,
10000,http_including_warmups,gzip_compression_ms,164,25.683536994620226,
10000,http_including_warmups,gzip_handler_ms,165,26.48074099852238,
10000,http_including_warmups,gzip_compression_ms,165,25.51326599495951,
10000,http_including_warmups,gzip_handler_ms,166,26.400703005492687,
10000,http_including_warmups,gzip_compression_ms,166,25.409972004126757,
10000,http_including_warmups,gzip_handler_ms,167,26.407002995256335,
10000,http_including_warmups,gzip_compression_ms,167,25.448191008763388,
10000,http_including_warmups,gzip_handler_ms,168,26.400646005640738,
10000,http_including_warmups,gzip_compression_ms,168,25.44073101307731,
10000,http_including_warmups,gzip_handler_ms,169,26.56748899607919,
10000,http_including_warmups,gzip_compression_ms,169,25.619628999265842,
10000,http_including_warmups,gzip_handler_ms,170,28.59665799769573,
10000,http_including_warmups,gzip_compression_ms,170,27.619582004263066,
10000,http_including_warmups,gzip_handler_ms,171,26.370266990852542,
10000,http_including_warmups,gzip_compression_ms,171,25.370679009938613,
10000,http_including_warmups,gzip_handler_ms,172,26.324352002120577,
10000,http_including_warmups,gzip_compression_ms,172,25.37015499547124,
10000,http_including_warmups,gzip_handler_ms,173,26.221057996735908,
10000,http_including_warmups,gzip_compression_ms,173,25.240257004043087,
10000,http_including_warmups,gzip_handler_ms,174,26.385413992102258,
10000,http_including_warmups,gzip_compression_ms,174,25.404687999980524,
10000,http_including_warmups,gzip_handler_ms,175,26.18128398898989,
10000,http_including_warmups,gzip_compression_ms,175,25.203216006048024,
10000,http_including_warmups,gzip_handler_ms,176,27.642361004836857,
10000,http_including_warmups,gzip_compression_ms,176,26.671162006095983,
10000,http_including_warmups,gzip_handler_ms,177,26.615415001288056,
10000,http_including_warmups,gzip_compression_ms,177,25.423044004128315,
10000,http_including_warmups,gzip_handler_ms,178,26.280752004822716,
10000,http_including_warmups,gzip_compression_ms,178,25.293790007708594,
10000,http_including_warmups,gzip_handler_ms,179,26.279117999365553,
10000,http_including_warmups,gzip_compression_ms,179,25.323138004750945,
10000,http_including_warmups,gzip_handler_ms,180,26.294625000446104,
10000,http_including_warmups,gzip_compression_ms,180,25.31598199857399,
10000,http_including_warmups,gzip_handler_ms,181,26.35293400089722,
10000,http_including_warmups,gzip_compression_ms,181,25.379448998137377,
10000,http_including_warmups,gzip_handler_ms,182,26.43391999299638,
10000,http_including_warmups,gzip_compression_ms,182,25.313441990874708,
10000,http_including_warmups,gzip_handler_ms,183,26.19775099446997,
10000,http_including_warmups,gzip_compression_ms,183,25.216719004674815,
heavy600,http_including_warmups,identity_handler_ms,184,0.9782289998838678,
heavy600,http_including_warmups,identity_compression_ms,184,0,
heavy600,http_including_warmups,identity_handler_ms,185,0.8421079983236268,
heavy600,http_including_warmups,identity_compression_ms,185,0,
heavy600,http_including_warmups,identity_handler_ms,186,0.8162689919117838,
heavy600,http_including_warmups,identity_compression_ms,186,0,
heavy600,http_including_warmups,identity_handler_ms,187,0.8526259916834533,
heavy600,http_including_warmups,identity_compression_ms,187,0,
heavy600,http_including_warmups,identity_handler_ms,188,0.77156099723652,
heavy600,http_including_warmups,identity_compression_ms,188,0,
heavy600,http_including_warmups,identity_handler_ms,189,0.8009680022951216,
heavy600,http_including_warmups,identity_compression_ms,189,0,
heavy600,http_including_warmups,identity_handler_ms,190,0.8126180036924779,
heavy600,http_including_warmups,identity_compression_ms,190,0,
heavy600,http_including_warmups,identity_handler_ms,191,0.7975880143931136,
heavy600,http_including_warmups,identity_compression_ms,191,0,
heavy600,http_including_warmups,identity_handler_ms,192,0.8109680056804791,
heavy600,http_including_warmups,identity_compression_ms,192,0,
heavy600,http_including_warmups,identity_handler_ms,193,0.7768429932184517,
heavy600,http_including_warmups,identity_compression_ms,193,0,
heavy600,http_including_warmups,identity_handler_ms,194,0.7836129952920601,
heavy600,http_including_warmups,identity_compression_ms,194,0,
heavy600,http_including_warmups,identity_handler_ms,195,0.798980996478349,
heavy600,http_including_warmups,identity_compression_ms,195,0,
heavy600,http_including_warmups,identity_handler_ms,196,0.8019810047699139,
heavy600,http_including_warmups,identity_compression_ms,196,0,
heavy600,http_including_warmups,identity_handler_ms,197,0.8113079966278747,
heavy600,http_including_warmups,identity_compression_ms,197,0,
heavy600,http_including_warmups,identity_handler_ms,198,0.7809830131009221,
heavy600,http_including_warmups,identity_compression_ms,198,0,
heavy600,http_including_warmups,identity_handler_ms,199,0.7845179934520274,
heavy600,http_including_warmups,identity_compression_ms,199,0,
heavy600,http_including_warmups,identity_handler_ms,200,0.7763199973851442,
heavy600,http_including_warmups,identity_compression_ms,200,0,
heavy600,http_including_warmups,identity_handler_ms,201,0.8005839918041602,
heavy600,http_including_warmups,identity_compression_ms,201,0,
heavy600,http_including_warmups,identity_handler_ms,202,0.8072909986367449,
heavy600,http_including_warmups,identity_compression_ms,202,0,
heavy600,http_including_warmups,identity_handler_ms,203,0.7777529972372577,
heavy600,http_including_warmups,identity_compression_ms,203,0,
heavy600,http_including_warmups,identity_handler_ms,204,0.7726820040261373,
heavy600,http_including_warmups,identity_compression_ms,204,0,
heavy600,http_including_warmups,identity_handler_ms,205,0.7700879941694438,
heavy600,http_including_warmups,identity_compression_ms,205,0,
heavy600,http_including_warmups,identity_handler_ms,206,0.8120010024867952,
heavy600,http_including_warmups,identity_compression_ms,206,0,
heavy600,http_including_warmups,gzip_handler_ms,207,10.082873995997943,
heavy600,http_including_warmups,gzip_compression_ms,207,9.720328991534188,
heavy600,http_including_warmups,gzip_handler_ms,208,10.196932998951524,
heavy600,http_including_warmups,gzip_compression_ms,208,9.779529995284975,
heavy600,http_including_warmups,gzip_handler_ms,209,10.254130000248551,
heavy600,http_including_warmups,gzip_compression_ms,209,9.8571419948712,
heavy600,http_including_warmups,gzip_handler_ms,210,10.258084002998658,
heavy600,http_including_warmups,gzip_compression_ms,210,9.847008012002334,
heavy600,http_including_warmups,gzip_handler_ms,211,10.06579099339433,
heavy600,http_including_warmups,gzip_compression_ms,211,9.663659991929308,
heavy600,http_including_warmups,gzip_handler_ms,212,10.20200300263241,
heavy600,http_including_warmups,gzip_compression_ms,212,9.800425003049895,
heavy600,http_including_warmups,gzip_handler_ms,213,10.231068008579314,
heavy600,http_including_warmups,gzip_compression_ms,213,9.799499996006489,
heavy600,http_including_warmups,gzip_handler_ms,214,10.12139800877776,
heavy600,http_including_warmups,gzip_compression_ms,214,9.72099399950821,
heavy600,http_including_warmups,gzip_handler_ms,215,10.269138001604006,
heavy600,http_including_warmups,gzip_compression_ms,215,9.884722996503115,
heavy600,http_including_warmups,gzip_handler_ms,216,10.208387990132906,
heavy600,http_including_warmups,gzip_compression_ms,216,9.810678006033413,
heavy600,http_including_warmups,gzip_handler_ms,217,10.274664004100487,
heavy600,http_including_warmups,gzip_compression_ms,217,9.892374990158714,
heavy600,http_including_warmups,gzip_handler_ms,218,10.198735006269999,
heavy600,http_including_warmups,gzip_compression_ms,218,9.820442995987833,
heavy600,http_including_warmups,gzip_handler_ms,219,10.165182000491768,
heavy600,http_including_warmups,gzip_compression_ms,219,9.766164992470294,
heavy600,http_including_warmups,gzip_handler_ms,220,10.175774994422682,
heavy600,http_including_warmups,gzip_compression_ms,220,9.792006996576674,
heavy600,http_including_warmups,gzip_handler_ms,221,10.153059003641829,
heavy600,http_including_warmups,gzip_compression_ms,221,9.757335996255279,
heavy600,http_including_warmups,gzip_handler_ms,222,10.234346002107486,
heavy600,http_including_warmups,gzip_compression_ms,222,9.829968010308221,
heavy600,http_including_warmups,gzip_handler_ms,223,10.01854200148955,
heavy600,http_including_warmups,gzip_compression_ms,223,9.636251998017542,
heavy600,http_including_warmups,gzip_handler_ms,224,10.152148010092787,
heavy600,http_including_warmups,gzip_compression_ms,224,9.767349998583086,
heavy600,http_including_warmups,gzip_handler_ms,225,10.23311199969612,
heavy600,http_including_warmups,gzip_compression_ms,225,9.832907002419233,
heavy600,http_including_warmups,gzip_handler_ms,226,10.053026009700261,
heavy600,http_including_warmups,gzip_compression_ms,226,9.659353003371507,
heavy600,http_including_warmups,gzip_handler_ms,227,10.186343002715148,
heavy600,http_including_warmups,gzip_compression_ms,227,9.788884010049514,
heavy600,http_including_warmups,gzip_handler_ms,228,10.258431007969193,
heavy600,http_including_warmups,gzip_compression_ms,228,9.863639003015123,
heavy600,http_including_warmups,gzip_handler_ms,229,10.14432699594181,
heavy600,http_including_warmups,gzip_compression_ms,229,9.748872005729936,
376,http_including_warmups,actual_handler_ms,230,82.04253700387198,
376,http_including_warmups,actual_compression_ms,230,0,
376,http_including_warmups,actual_handler_ms,231,80.17799400840886,
376,http_including_warmups,actual_compression_ms,231,0,
376,http_including_warmups,actual_handler_ms,232,79.38641200598795,
376,http_including_warmups,actual_compression_ms,232,0,
